accuracy,recall,f1,dual_min,hit_dual_0_80
0.670810853076863,0.8035817446562681,0.7255183205111487,0.670810853076863,0
0.6728438501837517,0.8177332752866057,0.7292610327423321,0.6728438501837517,0
0.6715927750410509,0.8136591109802768,0.724698479286838,0.6715927750410509,0
0.6676831652201111,0.8026964337489128,0.7226572696423911,0.6676831652201111,0
0.675815153647666,0.814994131455399,0.7282380702674358,0.675815153647666,0
0.6714363906482133,0.8175214296091821,0.7281314699792961,0.6714363906482133,0
0.6686214715771366,0.8031281389008466,0.7253758424053914,0.6686214715771366,0
0.6766752678082727,0.8224462954844366,0.7313364953544279,0.6766752678082727,0
0.666901243255923,0.8131422781878709,0.725090345895715,0.666901243255923,0
0.6772226131832043,0.8135052890885379,0.7311799947903099,0.6772226131832043,0
0.6726092735944953,0.8073421014597485,0.7273911061918094,0.6726092735944953,0
0.6652592071311283,0.8063997662185857,0.7205431163914093,0.6652592071311283,0
0.6748768472906403,0.8159392789373814,0.7289085930369018,0.6748768472906403,0
0.6728438501837517,0.8112520040810377,0.7268216244450248,0.6728438501837517,0
0.6633044022206583,0.7974037339556592,0.7174540682414698,0.6633044022206583,0
0.6715927750410509,0.8025644761765992,0.7239747634069401,0.6715927750410509,0
0.6694033935413246,0.8050462080093883,0.7219152854511971,0.6694033935413246,0
0.6715145828446321,0.8092047771628313,0.7256579376999934,0.6715145828446321,0
0.6683868949878802,0.8075295491025828,0.722973414331439,0.6683868949878802,0
0.6736257721479396,0.8166320782686036,0.7252501316482359,0.6736257721479396,0
0.666901243255923,0.8057723457517302,0.7198105761641673,0.666901243255923,0
0.6666666666666666,0.8069970845481049,0.7220084773394196,0.6666666666666666,0
0.6651028227382907,0.8075,0.7194235178512938,0.6651028227382907,0
0.6715145828446321,0.8101377087606212,0.7247231505143831,0.6715145828446321,0
0.667292204238017,0.8108108108108109,0.7207088939940925,0.667292204238017,0
0.6790210337008367,0.8252483086224269,0.7363688908869052,0.6790210337008367,0
0.6704198920947689,0.8111094954195143,0.7257823173508555,0.6704198920947689,0
0.6677613574165299,0.8112185120093731,0.722776799112677,0.6677613574165299,0
0.6769098443975291,0.8115002161694769,0.7315837339223074,0.6769098443975291,0
0.6755023848619908,0.8152094584732156,0.72911227154047,0.6755023848619908,0
0.6779263429509735,0.807307012374779,0.7268386497778367,0.6779263429509735,0
0.6649464383454531,0.8061661011948665,0.7183700295760762,0.6649464383454531,0
0.6636171710063336,0.8064986157657001,0.7201405152224825,0.6636171710063336,0
0.6647900539526155,0.8090562719812426,0.7203340074368844,0.6647900539526155,0
0.6669794354523418,0.8085385399970858,0.7226671876017451,0.6669794354523418,0
0.6709672374697006,0.80674935102394,0.7266822551312029,0.6709672374697006,0
0.6725310813980765,0.8066919929865576,0.7250164149704531,0.6725310813980765,0
0.6716709672374697,0.8126097132826214,0.7257168985564048,0.6716709672374697,0
0.6736257721479396,0.8147383935151069,0.725935653315824,0.6736257721479396,0
0.6726092735944953,0.8129088530309638,0.7276039294775877,0.6726092735944953,0
0.6683868949878802,0.8134606775108193,0.7199366043716569,0.6683868949878802,0
0.675424192665572,0.8093373930694505,0.728958537381652,0.675424192665572,0
0.6585346782391117,0.801394245031148,0.7121861200817241,0.6585346782391117,0
0.6693252013449058,0.7985958753839403,0.7208396593834576,0.6693252013449058,0
0.6594729845961373,0.8029218407596787,0.7162311852479312,0.6594729845961373,0
0.6687778559699742,0.8061867761325319,0.721937770775896,0.6687778559699742,0
0.6703416998983501,0.8093708947598891,0.7245524630863713,0.6703416998983501,0
0.6732348111658456,0.8127927400468384,0.726594700686948,0.6732348111658456,0
0.6697943545234185,0.804853091653267,0.7228093206432556,0.6697943545234185,0
0.6643209007741028,0.809222156747201,0.7190261142744944,0.6643209007741028,0
0.6690906247556494,0.8116883116883117,0.7221638655462185,0.6690906247556494,0
0.6665884744702478,0.81101080361107,0.719915922228061,0.6665884744702478,0
0.6711236218625382,0.8054587688734031,0.7251339694157627,0.6711236218625382,0
0.668074126202205,0.8074534161490683,0.7200791295746786,0.668074126202205,0
0.673860348737196,0.8116448326055313,0.7277948182470796,0.673860348737196,0
0.6702635077019313,0.8108423200233168,0.725187357445422,0.6702635077019313,0
0.6690124325592306,0.8065831634139237,0.723495982755242,0.6690124325592306,0
0.6667448588630854,0.8095308568891519,0.7196421523483753,0.6667448588630854,0
0.6666666666666666,0.8088428425507077,0.7222620366147632,0.6666666666666666,0
0.6650246305418719,0.8045859500511173,0.7200365965233303,0.6650246305418719,0
0.6729220423801705,0.8093918623304652,0.7262971929594975,0.6729220423801705,0
0.6737039643443584,0.8079170318434122,0.7260912372825731,0.6737039643443584,0
0.669637970130581,0.8054662379421221,0.7228963074703221,0.669637970130581,0
0.6715927750410509,0.8039014373716632,0.7229916897506925,0.6715927750410509,0
0.6651810149347095,0.8108461762140157,0.7225965275978232,0.6651810149347095,0
0.6693252013449058,0.8087170576310455,0.7253717773881421,0.6693252013449058,0
0.6775353819688795,0.8099670628669626,0.732832339984452,0.6775353819688795,0
0.6708890452732817,0.8074614065180102,0.7285741923002514,0.6708890452732817,0
0.6669794354523418,0.8003523194362889,0.7191189078678362,0.6669794354523418,0
0.66385174759559,0.8046061317294998,0.7184491453271334,0.66385174759559,0
0.6707326608804441,0.8024619840695149,0.7246452625384163,0.6707326608804441,0
0.6717491594338885,0.8092554138237912,0.7221707478491065,0.6717491594338885,0
0.6691688169520682,0.8103699388290125,0.7245263363500228,0.6691688169520682,0
0.6629134412385644,0.808227286179343,0.7170331473580571,0.6629134412385644,0
0.6683868949878802,0.8108663729809105,0.7225384363755316,0.6683868949878802,0
0.6715145828446321,0.8169972491675113,0.7287402337444309,0.6715145828446321,0
0.6726092735944953,0.8158702323542306,0.7272845697909204,0.6726092735944953,0
0.675033231683478,0.8099137300774967,0.7271891820926875,0.675033231683478,0
0.6760497302369224,0.8214388904940768,0.7329680953915566,0.6760497302369224,0
0.6701071233090937,0.8038467185435325,0.7218669655217879,0.6701071233090937,0
0.6701853155055125,0.8097118619277461,0.7241334205362983,0.6701853155055125,0
0.6701853155055125,0.8134669220568734,0.7235910878112713,0.6701853155055125,0
0.6729220423801705,0.815489091171796,0.7296231659233404,0.6729220423801705,0
0.671201814058957,0.8079286132241077,0.7242803750573733,0.671201814058957,0
0.6674485886308547,0.8065502183406114,0.7226605803716988,0.6674485886308547,0
0.6726874657909141,0.815389116442364,0.7270118690491718,0.6726874657909141,0
0.668465087184299,0.8040266512166859,0.7236344674749055,0.668465087184299,0
0.6707326608804441,0.8088875980249782,0.7256856230864439,0.6707326608804441,0
0.6768316522011103,0.81875,0.7316059484382103,0.6768316522011103,0
0.6788646493079991,0.8111239860950173,0.7316913830273731,0.6788646493079991,0
0.6709672374697006,0.8136664217487142,0.7246433712864808,0.6709672374697006,0
0.6752678082727344,0.8246877296105805,0.7299213110489693,0.6752678082727344,0
0.6690906247556494,0.8014801915542011,0.7230003927215604,0.6690906247556494,0
0.6702635077019313,0.8050333086602517,0.7205989531570927,0.6702635077019313,0
0.6690906247556494,0.8107787977494818,0.7212855637513171,0.6690906247556494,0
0.669637970130581,0.8059220170038112,0.7224229682675252,0.669637970130581,0
0.6808976464148878,0.8104537622056289,0.7344654824647017,0.6808976464148878,0
0.6740167331300336,0.8132984901277585,0.7288102517400638,0.6740167331300336,0
0.6675267808272735,0.8025894675589177,0.7218369750098129,0.6675267808272735,0
0.668856048166393,0.8086637298091043,0.7222768706144665,0.668856048166393,0
0.6736257721479396,0.8089595375722544,0.7284320104098894,0.6736257721479396,0
0.6736257721479396,0.8121310507674144,0.7250329380764163,0.6736257721479396,0
0.6762843068261788,0.8172796263864565,0.7301173402868318,0.6762843068261788,0
0.6764406912190163,0.8169688179840464,0.731368475720592,0.6764406912190163,0
0.6709672374697006,0.8112133158125274,0.7253263707571802,0.6709672374697006,0
0.6674485886308547,0.8085450007341066,0.7214252963909085,0.6674485886308547,0
0.669637970130581,0.8118624307781988,0.7250601939220407,0.669637970130581,0
0.6669794354523418,0.8106917315317962,0.7216157918818223,0.6669794354523418,0
0.6686996637735554,0.814755529685681,0.7254940071266602,0.6686996637735554,0
0.6679959340057863,0.8072658301721622,0.7227011494252874,0.6679959340057863,0
0.6637735553991712,0.7989877078814173,0.7198697068403909,0.6637735553991712,0
0.667292204238017,0.8078161592505855,0.7217681292094422,0.667292204238017,0
0.6679177418093675,0.8055962496337533,0.721416857986225,0.6679177418093675,0
0.6726874657909141,0.8069285403681693,0.7267624020887729,0.6726874657909141,0
0.6648682461490343,0.8083024462564863,0.7178406846609612,0.6648682461490343,0
0.6711236218625382,0.8059481743227326,0.7224495182790023,0.6711236218625382,0
0.6676831652201111,0.80992700729927,0.7230548677179721,0.6676831652201111,0
0.6650246305418719,0.8058624245102372,0.7186391698410614,0.6650246305418719,0
0.6718273516303073,0.8148636763412489,0.7259549461312439,0.6718273516303073,0
0.6792556102900931,0.8184183894752061,0.7340508298755186,0.6792556102900931,0
0.6666666666666666,0.8060676440702569,0.722623462814757,0.6666666666666666,0
0.6726092735944953,0.8199797892305472,0.7306875924615681,0.6726092735944953,0
0.6671358198451794,0.8028517386876182,0.7216373504217616,0.6671358198451794,0
0.6793338024865119,0.812509090909091,0.7314869377332548,0.6793338024865119,0
0.6739385409336148,0.8122162003808407,0.7267365661861075,0.6739385409336148,0
0.6725310813980765,0.8112342941611235,0.7238195726721182,0.6725310813980765,0
0.6666666666666666,0.8153484269332549,0.7223705633344187,0.6666666666666666,0
0.6719055438267261,0.8166884721616514,0.7280974598237429,0.6719055438267261,0
0.6704980842911877,0.8088687253036734,0.7239979041131779,0.6704980842911877,0
0.6701071233090937,0.8095445314766464,0.7257005396268122,0.6701071233090937,0
0.6611932129173509,0.8115129151291512,0.7173331593711266,0.6611932129173509,0
0.6683868949878802,0.8041825095057035,0.7217008990091214,0.6683868949878802,0
0.6801939166471186,0.8133874239350912,0.732993863428646,0.6801939166471186,0
0.6699507389162561,0.810463247113839,0.7243518578985176,0.6699507389162561,0
0.6775353819688795,0.8201869704937189,0.7314054969389084,0.6775353819688795,0
0.666901243255923,0.8138745387453874,0.7213500784929356,0.666901243255923,0
0.6699507389162561,0.8070767875495521,0.7225764048636214,0.6699507389162561,0
0.6657283603096411,0.806399530309702,0.7199108956299548,0.6657283603096411,0
0.6694815857377434,0.8170462894930198,0.7245715775070046,0.6694815857377434,0
0.6694815857377434,0.8079392877991827,0.7237074318582913,0.6694815857377434,0
0.6726092735944953,0.8141606056108059,0.7237579996041433,0.6726092735944953,0
0.6654937837203847,0.803397341211226,0.717735550277118,0.6654937837203847,0
0.6753460004691532,0.8121362048894063,0.7288755387227374,0.6753460004691532,0
0.6733130033622644,0.8059163059163059,0.7277821214490487,0.6733130033622644,0
0.6659629368988975,0.7984790874524715,0.7187993680884676,0.6659629368988975,0
0.6593947923997185,0.8017575215966637,0.7119428647004364,0.6593947923997185,0
0.6737039643443584,0.8110110400929692,0.7279483669078819,0.6737039643443584,0
0.6769098443975291,0.8161559888579387,0.7293331586532164,0.6769098443975291,0
0.6731566189694268,0.8082191780821918,0.7262964903090623,0.6731566189694268,0
0.6679177418093675,0.8066146735990757,0.7245248751378348,0.6679177418093675,0
0.6710454296661194,0.8091558536229772,0.7251584242503429,0.6710454296661194,0
0.6708890452732817,0.8128389271581415,0.7249199398732109,0.6708890452732817,0
0.6703416998983501,0.8156524326737092,0.722266139657444,0.6703416998983501,0
0.6694033935413246,0.8041461293128443,0.7240569116303355,0.6694033935413246,0
0.6711236218625382,0.8119145199063232,0.7250980392156863,0.6711236218625382,0
0.6761279224333412,0.8121731551423591,0.7297050378491255,0.6761279224333412,0
0.6733130033622644,0.814901730712819,0.7267495094833224,0.6733130033622644,0
0.6704980842911877,0.8125634701871464,0.7266476388168137,0.6704980842911877,0
0.6677613574165299,0.8063056488103927,0.7222331176047591,0.6677613574165299,0
0.6651810149347095,0.8059613398258817,0.7184006313297383,0.6651810149347095,0
0.6770662287903667,0.8120355529651756,0.7296412673474731,0.6770662287903667,0
0.6719055438267261,0.8136799302933488,0.7275678483313855,0.6719055438267261,0
0.6686214715771366,0.808165629071956,0.7248409297493832,0.6686214715771366,0
0.6723746970052389,0.8164201183431953,0.7248489624376149,0.6723746970052389,0
0.6694033935413246,0.8072253912534737,0.7230446744399319,0.6694033935413246,0
0.6731566189694268,0.8153846153846154,0.7250723493817417,0.6731566189694268,0
0.6759715380405036,0.8137710633352702,0.7299973937972374,0.6759715380405036,0
0.6669794354523418,0.8064420803782506,0.719341021416804,0.6669794354523418,0
0.6654155915239659,0.8096137089747314,0.7226651111543198,0.6654155915239659,0
0.6726092735944953,0.8129621574597651,0.7281345367183949,0.6726092735944953,0
0.6706544686840253,0.8071439291610386,0.7185996793158739,0.6706544686840253,0
0.6767534600046915,0.8188163443361931,0.7314886983632112,0.6767534600046915,0
0.668856048166393,0.8047439976858548,0.7243376944607173,0.668856048166393,0
0.6676049730236923,0.8098059546733817,0.7200526835693118,0.6676049730236923,0
0.6715927750410509,0.8070605187319885,0.7273081417997662,0.6715927750410509,0
0.668856048166393,0.8030809475366952,0.7229672270556682,0.668856048166393,0
0.6667448588630854,0.8064326626523719,0.7204145893466282,0.6667448588630854,0
0.6756587692548284,0.8172537742631201,0.7326630574890436,0.6756587692548284,0
0.662287903667214,0.8000290866783013,0.7180993407741009,0.662287903667214,0
0.6653373993275471,0.8083911951543803,0.7188649500788229,0.6653373993275471,0
0.6720619282195637,0.8087336244541484,0.7259898079184633,0.6720619282195637,0
0.6678395496129487,0.8095518001469507,0.7217345735621643,0.6678395496129487,0
0.6708890452732817,0.8144923258559622,0.7239456942349315,0.6708890452732817,0
0.6737039643443584,0.8107988165680473,0.7242814667988107,0.6737039643443584,0
0.6722183126124013,0.8151714077315828,0.7272254034357105,0.6722183126124013,0
0.6636171710063336,0.8057754324245089,0.71875,0.6636171710063336,0
0.6694033935413246,0.8120169170191046,0.7248112470710752,0.6694033935413246,0
0.6712800062553758,0.8136826783114993,0.7267290691627665,0.6712800062553758,0
0.6698725467198373,0.8111062527328378,0.7249869723814487,0.6698725467198373,0
0.6665884744702478,0.808937728937729,0.7214164379981707,0.6665884744702478,0
0.6707326608804441,0.8161441547026077,0.7257213573894353,0.6707326608804441,0
0.6660411290953163,0.8059248554913295,0.7231118314424635,0.6660411290953163,0
0.671201814058957,0.8080763582966226,0.7235553218065873,0.671201814058957,0
0.6690124325592306,0.8016914552347624,0.7220434696959748,0.6690124325592306,0
0.669247009148487,0.8147768836869056,0.7247527329515877,0.669247009148487,0
0.671201814058957,0.8086918856482819,0.7270721100798339,0.671201814058957,0
0.6809758386113066,0.8126698126698126,0.7358539427683543,0.6809758386113066,0
0.6727656579873329,0.808380619816674,0.7264169444989214,0.6727656579873329,0
0.673078426773008,0.8067484662576687,0.7254219478557825,0.673078426773008,0
0.6698725467198373,0.8096350364963504,0.7243045579208567,0.6698725467198373,0
0.6690906247556494,0.8066417481311098,0.7261550407661447,0.6690906247556494,0
0.6653373993275471,0.8059920693200177,0.7194546407970634,0.6653373993275471,0
0.6740167331300336,0.8109016513225193,0.7269273596646362,0.6740167331300336,0
0.6608022519352569,0.8027271379872536,0.7140408701384311,0.6608022519352569,0
0.6700289311126749,0.8079953311934637,0.7241108786610879,0.6700289311126749,0
0.6723746970052389,0.8087862993298586,0.7216316768535743,0.6723746970052389,0
0.6687778559699742,0.8142608190531513,0.7258252427184466,0.6687778559699742,0
0.6709672374697006,0.8082552693208431,0.7241017571466037,0.6709672374697006,0
0.6726092735944953,0.8028107158541942,0.7237215440448697,0.6726092735944953,0
0.666901243255923,0.8096840257460504,0.7221135029354208,0.666901243255923,0
0.6627570568457268,0.8018386108273748,0.7181598379402732,0.6627570568457268,0
0.6685432793807178,0.8090882694541232,0.724471888202795,0.6685432793807178,0
0.6649464383454531,0.8141632170313424,0.7199163344009413,0.6649464383454531,0
0.6690124325592306,0.8073501531281901,0.7234237177393009,0.6690124325592306,0
0.6728438501837517,0.8082992402104032,0.7256033578174187,0.6728438501837517,0
0.6706544686840253,0.8085106382978723,0.7262090483619345,0.6706544686840253,0
0.6723746970052389,0.8147344044000578,0.7287674779906784,0.6723746970052389,0
0.6715145828446321,0.804693193412039,0.7243980843665945,0.6715145828446321,0
0.6725310813980765,0.8087954110898662,0.7242196760173845,0.6725310813980765,0
0.6687778559699742,0.8134458672875436,0.7252205500778413,0.6687778559699742,0
0.6751114238798968,0.8177947437967993,0.7283425956194834,0.6751114238798968,0
0.6672140120415982,0.8057616761239633,0.7224106444038612,0.6672140120415982,0
0.6751114238798968,0.815528396836808,0.7319181882702109,0.6751114238798968,0
0.6733911955586832,0.805803898578338,0.7247083635404996,0.6733911955586832,0
0.670810853076863,0.8197869546184153,0.7274375242781302,0.670810853076863,0
0.6650246305418719,0.812,0.71900826446281,0.6650246305418719,0
0.6665884744702478,0.8132599884192241,0.7249032258064516,0.6665884744702478,0
0.6819141449683321,0.8131189895220324,0.735809845434472,0.6819141449683321,0
0.6725310813980765,0.8130529369108049,0.7280519480519481,0.6725310813980765,0
0.6717491594338885,0.8138590895911858,0.7278620510825878,0.6717491594338885,0
0.6783173039330674,0.8212363636363637,0.7329611839543035,0.6783173039330674,0
0.6654155915239659,0.8051030704915669,0.7230241439575377,0.6654155915239659,0
0.6654937837203847,0.806289679610217,0.7185526315789473,0.6654937837203847,0
0.6687778559699742,0.8047260075384169,0.7238231842482723,0.6687778559699742,0
0.6798029556650246,0.8144374282433984,0.7348656523146649,0.6798029556650246,0
0.6675267808272735,0.8039101254741756,0.7215819800942902,0.6675267808272735,0
0.6654937837203847,0.8059152442613302,0.7191439075630253,0.6654937837203847,0
0.6676049730236923,0.8004402054292002,0.719609524437702,0.6676049730236923,0
0.6720619282195637,0.8134404674945216,0.7264187866927593,0.6720619282195637,0
0.673469387755102,0.8111062527328378,0.7271658173265386,0.673469387755102,0
0.675815153647666,0.8151839366847428,0.7284872298624755,0.675815153647666,0
0.6761279224333412,0.8137485311398355,0.7278938378662462,0.6761279224333412,0
0.67425130971929,0.8163116428363,0.7287053920291743,0.67425130971929,0
0.6723746970052389,0.8126717778099233,0.7283806560352651,0.6723746970052389,0
0.6651810149347095,0.8090562719812426,0.7205690420255808,0.6651810149347095,0
0.6667448588630854,0.8027449262666083,0.7206711233451304,0.6667448588630854,0
0.6774571897724607,0.81048971312663,0.7306210409456018,0.6774571897724607,0
0.6685432793807178,0.8046178576647669,0.7220510130483248,0.6685432793807178,0
0.6757369614512472,0.814616497829233,0.7308016877637131,0.6757369614512472,0
0.6716709672374697,0.8090571640683,0.7218652712459429,0.6716709672374697,0
0.6725310813980765,0.8120656513381636,0.7239651990508832,0.6725310813980765,0
0.6731566189694268,0.8103549427984746,0.7255416940249507,0.6731566189694268,0
0.6682305105950426,0.8133627019089574,0.7230598524900463,0.6682305105950426,0
0.6749550394870591,0.8110400238059813,0.7239524536821834,0.6749550394870591,0
0.6678395496129487,0.8099985551220922,0.7252263906856403,0.6678395496129487,0
0.6701853155055125,0.807033096926714,0.7214370624752344,0.6701853155055125,0
0.6701853155055125,0.8099521253445524,0.7258190327613104,0.6701853155055125,0
0.6758933458440848,0.8152856934093234,0.7291380775011436,0.6758933458440848,0
0.6697161623269998,0.8089657193085262,0.723342939481268,0.6697161623269998,0
0.673860348737196,0.8186046511627907,0.729770003239391,0.673860348737196,0
0.6740167331300336,0.8138445777842822,0.7273559610228238,0.6740167331300336,0
0.673469387755102,0.8145985401459854,0.7276995305164319,0.673469387755102,0
0.6751114238798968,0.8074981975486661,0.7294041028980788,0.6751114238798968,0
0.6681523183986238,0.8080350620891161,0.7227231151182543,0.6681523183986238,0
0.675424192665572,0.806143146913938,0.7283199162248838,0.675424192665572,0
0.6729220423801705,0.8171979243884359,0.7249293088709147,0.6729220423801705,0
0.6676831652201111,0.8062601987835633,0.718915343915344,0.6676831652201111,0
0.6715927750410509,0.8132731771212341,0.7268470343392299,0.6715927750410509,0
0.6760497302369224,0.8117239387814034,0.7307467342561903,0.6760497302369224,0
0.6622097114707952,0.8057553956834532,0.7175732217573222,0.6622097114707952,0
0.6704980842911877,0.8095376141469778,0.7260790431617264,0.6704980842911877,0
0.6697943545234185,0.8114586378251973,0.724473151954068,0.6697943545234185,0
0.6695597779341622,0.8104862331575864,0.7236824898653067,0.6695597779341622,0
0.6686214715771366,0.8118841006030298,0.7226076711611468,0.6686214715771366,0
0.6695597779341622,0.8108426635238657,0.7225941971904949,0.6695597779341622,0
0.680819454218469,0.8174267812909807,0.7332374852960397,0.680819454218469,0
0.6741731175228712,0.8186412962687677,0.7255121533495817,0.6741731175228712,0
0.6704198920947689,0.8084084957812046,0.7250309870180703,0.6704198920947689,0
0.6660411290953163,0.7989773557341124,0.7191794332303242,0.6660411290953163,0
0.6687778559699742,0.8085948958638897,0.7224479098414363,0.6687778559699742,0
0.6780827273438111,0.8167715498316991,0.7305451927482165,0.6780827273438111,0
0.6740167331300336,0.8087082728592162,0.7277476653823549,0.6740167331300336,0
0.6678395496129487,0.8099560761346999,0.7225705329153606,0.6678395496129487,0
0.6752678082727344,0.8155955188679245,0.727117419015704,0.6752678082727344,0
0.6654155915239659,0.8109569028487947,0.7217996229113842,0.6654155915239659,0
0.6712800062553758,0.8073859522085446,0.7261951283053276,0.6712800062553758,0
0.6700289311126749,0.809765566671644,0.7198991105801141,0.6700289311126749,0
0.6703416998983501,0.7997640813919198,0.7201274561869357,0.6703416998983501,0
0.6704198920947689,0.8077373974208675,0.7234070477065424,0.6704198920947689,0
0.6583782938462741,0.8102807903729015,0.714014531648884,0.6583782938462741,0
0.6727656579873329,0.815287558685446,0.726452709327407,0.6727656579873329,0
0.6673703964344359,0.8034513015501609,0.7209027686655295,0.6673703964344359,0
0.6701853155055125,0.8111450603812018,0.7255335762623634,0.6701853155055125,0
0.664633669559778,0.8106717624577392,0.7200208890919773,0.664633669559778,0
0.6668230510595042,0.8114610673665792,0.7231498927944903,0.6668230510595042,0
0.6751896160763156,0.8145315487571702,0.7272488509520683,0.6751896160763156,0
0.6675267808272735,0.8175376439326838,0.7225991649269311,0.6675267808272735,0
0.6693252013449058,0.8075733019006925,0.7216114804818643,0.6693252013449058,0
0.6740167331300336,0.816255442670537,0.7295842252059415,0.6740167331300336,0
0.6698725467198373,0.8149171270718232,0.7264126490409538,0.6698725467198373,0
0.66385174759559,0.8089283117638505,0.7212965964343598,0.66385174759559,0
0.6805848776292126,0.818077144502015,0.7356500355917944,0.6805848776292126,0
0.670810853076863,0.8060376257838705,0.7241876310272537,0.670810853076863,0
0.6695597779341622,0.8155056834742058,0.7259047866130497,0.6695597779341622,0
0.6777699585581359,0.8105325095616358,0.727825110626775,0.6777699585581359,0
0.6731566189694268,0.8091990713871154,0.727403156384505,0.6731566189694268,0
0.6702635077019313,0.8059334298118669,0.7253663301856073,0.6702635077019313,0
0.6670576276487606,0.8010985834056086,0.7224612175726763,0.6670576276487606,0
0.6697943545234185,0.818562874251497,0.721419618708358,0.6697943545234185,0
0.6694815857377434,0.8172977751583911,0.7241041707460348,0.6694815857377434,0
0.6687778559699742,0.8079450854388783,0.7231372549019608,0.6687778559699742,0
0.673078426773008,0.8122044917257684,0.7244810543657331,0.673078426773008,0
0.6701853155055125,0.810798881859644,0.7232283464566929,0.6701853155055125,0
0.6728438501837517,0.8117338003502627,0.7266788607264175,0.6728438501837517,0
0.6650246305418719,0.8038928728230645,0.7194499017681729,0.6650246305418719,0
0.6711236218625382,0.8116217798594848,0.7250261506276151,0.6711236218625382,0
0.6718273516303073,0.8094066570188133,0.727166352467009,0.6718273516303073,0
0.6626006724528892,0.8010301692420898,0.7161370962436682,0.6626006724528892,0
0.6695597779341622,0.8103373389315187,0.7259403372243839,0.6695597779341622,0
0.6663538978809915,0.7994719084641337,0.718665523834641,0.6663538978809915,0
0.662678864649308,0.7998825429452356,0.716370808678501,0.662678864649308,0
0.6722183126124013,0.8118193698272107,0.727331858982698,0.6722183126124013,0
0.6709672374697006,0.8111663256357791,0.7251110530441599,0.6709672374697006,0
0.669247009148487,0.8058394160583942,0.7229862475442044,0.669247009148487,0
0.668074126202205,0.81070856976575,0.7241536162193775,0.668074126202205,0
0.6687778559699742,0.8028663351857268,0.7216088328075709,0.6687778559699742,0
0.666510282273829,0.8043604651162791,0.7218417791691124,0.666510282273829,0
0.6659629368988975,0.8044634939402897,0.7181686238290012,0.6659629368988975,0
0.6698725467198373,0.8153232949512843,0.72347393240765,0.6698725467198373,0
0.6793338024865119,0.8144465565141102,0.7309231677711436,0.6793338024865119,0
0.6743295019157088,0.8164603058994901,0.7291056910569106,0.6743295019157088,0
0.6717491594338885,0.8090643274853802,0.7250098257565832,0.6717491594338885,0
0.6689342403628118,0.8090815273477813,0.7216305062458909,0.6689342403628118,0
0.6661193212917351,0.809801633605601,0.7222583582672044,0.6661193212917351,0
0.6624442880600516,0.8037853023806003,0.7157811574165515,0.6624442880600516,0
0.6699507389162561,0.8047389205792014,0.7227586206896551,0.6699507389162561,0
0.675424192665572,0.8193767538029834,0.7277497212566406,0.675424192665572,0
0.6773008053796231,0.8124819832804843,0.7320303876371664,0.6773008053796231,0
0.668465087184299,0.8096569998527896,0.7217847769028871,0.668465087184299,0
0.6647900539526155,0.8051183997646713,0.7186084673449294,0.6647900539526155,0
0.6667448588630854,0.81563995215311,0.7190877933034537,0.6667448588630854,0
0.6670576276487606,0.8061194895591647,0.7230749219562955,0.6670576276487606,0
0.6796465712721871,0.8197104839888872,0.7323796459598929,0.6796465712721871,0
0.6735475799515208,0.8223231287534788,0.7289489060572616,0.6735475799515208,0
0.6744858863085464,0.8141193595342067,0.7287771190305558,0.6744858863085464,0
0.6643990929705216,0.8039387308533917,0.7197335771189761,0.6643990929705216,0
0.675815153647666,0.8112356280017464,0.7289132993330718,0.675815153647666,0
0.6720619282195637,0.8013977868375073,0.7241152479936851,0.6720619282195637,0
0.6717491594338885,0.8013846819558632,0.7258001306335728,0.6717491594338885,0
0.6706544686840253,0.807061236448872,0.7234405778069599,0.6706544686840253,0
0.6595511767925561,0.8010744664975377,0.7114645460569914,0.6595511767925561,0
0.674642270701384,0.8147770329350044,0.728801407808121,0.674642270701384,0
0.6700289311126749,0.8096976778151015,0.7243271492030311,0.6700289311126749,0
0.6647900539526155,0.8088407494145199,0.7205163309211813,0.6647900539526155,0
0.6697943545234185,0.808913486746286,0.7245450394625269,0.6697943545234185,0
0.6731566189694268,0.8130105017502918,0.7272964509394572,0.6731566189694268,0
0.6691688169520682,0.8104011887072808,0.7205231521236541,0.6691688169520682,0
0.6753460004691532,0.8142564402810304,0.7282366801937427,0.6753460004691532,0
0.669637970130581,0.8064091308165057,0.7228963074703221,0.669637970130581,0
0.6749550394870591,0.8140857392825896,0.728708477452196,0.6749550394870591,0
0.6710454296661194,0.8057209234790185,0.7251225089839921,0.6710454296661194,0
0.6697161623269998,0.8080324778889372,0.7251789199739753,0.6697161623269998,0
0.6711236218625382,0.8117698598130841,0.7255285826155051,0.6711236218625382,0
0.6765188834154351,0.8098384728340675,0.7272367640271642,0.6765188834154351,0
0.6643209007741028,0.8016528925619835,0.720343951534102,0.6643209007741028,0
0.6682305105950426,0.807310936806275,0.7199894410347786,0.6682305105950426,0
0.6787082649151615,0.8184210526315789,0.7315256452139823,0.6787082649151615,0
0.6643990929705216,0.8029006526468455,0.7206456651913564,0.6643990929705216,0
0.6664320900774102,0.8148527903910942,0.7228430353430353,0.6664320900774102,0
0.6720619282195637,0.8170588235294117,0.7259898079184633,0.6720619282195637,0
0.6690906247556494,0.8087696143129491,0.7227099986895558,0.6690906247556494,0
0.6697943545234185,0.8058917894122795,0.7235351882160392,0.6697943545234185,0
0.6662757056845727,0.8,0.7161479116786379,0.6662757056845727,0
0.6722183126124013,0.8141138497652582,0.725833878351864,0.6722183126124013,0
0.6656501681132223,0.8066072211664961,0.7207419017763845,0.6656501681132223,0
0.6674485886308547,0.8115470022205773,0.7205099559702964,0.6674485886308547,0
0.6624442880600516,0.803518628030751,0.7157437281885823,0.6624442880600516,0
0.6764406912190163,0.8138590895911858,0.730704152023949,0.6764406912190163,0
0.6767534600046915,0.8123265663794362,0.7290601651592608,0.6767534600046915,0
0.6802721088435374,0.8208613535555873,0.7372614534472788,0.6802721088435374,0
0.6714363906482133,0.8149279790484505,0.7272137107244872,0.6714363906482133,0
0.6745640785049652,0.8139500734214391,0.7270461699895068,0.6745640785049652,0
0.6760497302369224,0.8159364892678624,0.7282031096240897,0.6760497302369224,0
0.669247009148487,0.8068631764188298,0.7223316266246553,0.669247009148487,0
0.6711236218625382,0.8119758717081065,0.7240881658357387,0.6711236218625382,0
0.6701071233090937,0.8060326165391831,0.7258431347066087,0.6701071233090937,0
0.6690906247556494,0.8107074569789675,0.7226009438909281,0.6690906247556494,0
0.675033231683478,0.8048182342758222,0.7286143398197727,0.675033231683478,0
0.6726874657909141,0.8080970476468868,0.7254001574389924,0.6726874657909141,0
0.6757369614512472,0.8196193265007321,0.7297138760346737,0.6757369614512472,0
0.6748768472906403,0.815326450487131,0.7295081967213115,0.6748768472906403,0
0.6721401204159825,0.8104279246385279,0.7257864103067164,0.6721401204159825,0
0.6727656579873329,0.8109569028487947,0.7262379799829921,0.6727656579873329,0
0.6694033935413246,0.8140252866803881,0.7236962488563586,0.6694033935413246,0
0.67620611462976,0.8098437271797868,0.7281202810058434,0.67620611462976,0
0.6716709672374697,0.8080409356725147,0.7247098931357766,0.6716709672374697,0
0.6686996637735554,0.8019499417927823,0.7223278065404024,0.6686996637735554,0
0.6722183126124013,0.8086401855610322,0.7268699504821475,0.6722183126124013,0
0.6617405582922824,0.8082947933761002,0.7146814404432132,0.6617405582922824,0
0.6679959340057863,0.8093987157034442,0.7231712087625505,0.6679959340057863,0
0.6704198920947689,0.8127031019202363,0.723043563966095,0.6704198920947689,0
0.6760497302369224,0.8098293714452385,0.7283100531182373,0.6760497302369224,0
0.6698725467198373,0.8170713760117734,0.7245204228109096,0.6698725467198373,0
0.6718273516303073,0.8187639612807148,0.7237543605607846,0.6718273516303073,0
0.6683087027914614,0.8082992402104032,0.7228537828302627,0.6683087027914614,0
0.6751114238798968,0.814755295836377,0.7285910248873212,0.6751114238798968,0
0.666901243255923,0.807698001480385,0.7192196150804113,0.666901243255923,0
0.668465087184299,0.8065312046444122,0.7238504624202162,0.668465087184299,0
0.6724528892016577,0.8105622311229788,0.7228947542501819,0.6724528892016577,0
0.6722965048088201,0.8147445255474453,0.7270240343906729,0.6722965048088201,0
0.6721401204159825,0.810947429231658,0.7281333073980419,0.6721401204159825,0
0.6737821565407772,0.8098920338488473,0.7268560953253895,0.6737821565407772,0
0.669247009148487,0.8022648083623694,0.7232037691401649,0.669247009148487,0
0.6656501681132223,0.8059943894876717,0.7185731209688034,0.6656501681132223,0
0.6569708343107358,0.8045685279187818,0.7107154632377184,0.6569708343107358,0
0.6791774180936743,0.8174960104453793,0.7331034931373187,0.6791774180936743,0
0.6694033935413246,0.8139637002341921,0.7245602605863192,0.6694033935413246,0
0.6727656579873329,0.8211726860652142,0.7285464098073555,0.6727656579873329,0
0.668856048166393,0.8023917164940936,0.7220946256316031,0.668856048166393,0
0.6744076941121276,0.8205240813936466,0.7291531156497983,0.6744076941121276,0
0.6703416998983501,0.8190587547500731,0.7266597510373444,0.6703416998983501,0
0.6622097114707952,0.8007529684332465,0.7191157347204161,0.6622097114707952,0
0.6726092735944953,0.8130153121319199,0.7251001247455847,0.6726092735944953,0
0.6672140120415982,0.8087866725637624,0.720514841082217,0.6672140120415982,0
0.6686214715771366,0.8075797483172373,0.7225713537575281,0.6686214715771366,0
0.667292204238017,0.8049903460567355,0.7181185823120239,0.667292204238017,0
0.667292204238017,0.8075393903696069,0.7204887341522695,0.667292204238017,0
0.6691688169520682,0.8108147289069295,0.7255626905364209,0.6691688169520682,0
0.6703416998983501,0.8125181950509461,0.7258777633289987,0.6703416998983501,0
0.6711236218625382,0.8133469328282092,0.7263500325309044,0.6711236218625382,0
0.6732348111658456,0.8110867979576951,0.7268448918229949,0.6732348111658456,0
0.6701853155055125,0.8080645161290323,0.7232283464566929,0.6701853155055125,0
0.6722965048088201,0.8157389635316699,0.7250180434354702,0.6722965048088201,0
0.6668230510595042,0.8130759104870557,0.722933870862865,0.6668230510595042,0
0.6700289311126749,0.8079479768786128,0.7260096091416699,0.6700289311126749,0
0.6708890452732817,0.8058677565318931,0.7240180971739558,0.6708890452732817,0
0.6661975134881539,0.8022508038585209,0.720010493867646,0.6661975134881539,0
0.6664320900774102,0.8048957126303592,0.7226267880364109,0.6664320900774102,0
0.6648682461490343,0.812691914022518,0.721724451369952,0.6648682461490343,0
0.6710454296661194,0.8055514759876634,0.7228042432628319,0.6710454296661194,0
0.6681523183986238,0.8002601532013297,0.7229403316359838,0.6681523183986238,0
0.6629916334349832,0.8037697253068381,0.718521421107628,0.6629916334349832,0
0.664633669559778,0.80651312894235,0.7193981027150801,0.664633669559778,0
0.6665884744702478,0.8025932400932401,0.7209789294594948,0.6665884744702478,0
0.6722965048088201,0.8121951219512196,0.7298394894604525,0.6722965048088201,0
0.6687778559699742,0.8081912257688384,0.7236069424507373,0.6687778559699742,0
0.6699507389162561,0.8125550014667058,0.7241356774067055,0.6699507389162561,0
0.668074126202205,0.8106249085321235,0.722965476734321,0.668074126202205,0
0.6745640785049652,0.8132617527568196,0.729247983346344,0.6745640785049652,0
0.6685432793807178,0.8057226705796038,0.7215031863872282,0.6685432793807178,0
0.6701853155055125,0.8077766408419822,0.7237721021611002,0.6701853155055125,0
0.668856048166393,0.8113071139386929,0.7260141036423626,0.668856048166393,0
0.6728438501837517,0.8148201438848921,0.7302385557704707,0.6728438501837517,0
0.6701853155055125,0.8075536975637884,0.7264946180780703,0.6701853155055125,0
0.6711236218625382,0.8052116325942988,0.7267411642411642,0.6711236218625382,0
0.6737821565407772,0.808954353215692,0.7267129568976811,0.6737821565407772,0
0.6702635077019313,0.8087415664417718,0.7233847163004263,0.6702635077019313,0
0.6675267808272735,0.8029081485747193,0.724003634947423,0.6675267808272735,0
0.6701071233090937,0.8164131070801638,0.7257005396268122,0.6701071233090937,0
0.664242708577684,0.8007336757153338,0.7176486059968438,0.664242708577684,0
0.6704980842911877,0.8068955526582645,0.72554383222613,0.6704980842911877,0
0.6690124325592306,0.8016112789526687,0.7247187357742082,0.6690124325592306,0
0.6757369614512472,0.8133392356499927,0.726649528706084,0.6757369614512472,0
0.6633825944170771,0.8082695703354915,0.7184618402982146,0.6633825944170771,0
0.6694815857377434,0.8056449254167886,0.7227287635290259,0.6694815857377434,0
0.6675267808272735,0.8051282051282052,0.7210339850413332,0.6675267808272735,0
0.6682305105950426,0.8052747252747253,0.7214965539875288,0.6682305105950426,0
0.6681523183986238,0.8072870939420544,0.7222149496007331,0.6681523183986238,0
0.6755023848619908,0.8124731182795699,0.7319814001549987,0.6755023848619908,0
0.668074126202205,0.8134782608695652,0.725615668024045,0.668074126202205,0
0.6687778559699742,0.8137628111273792,0.7240750390828556,0.6687778559699742,0
0.6768316522011103,0.8083867210250437,0.7287523790772462,0.6768316522011103,0
0.6677613574165299,0.809732573432705,0.7228491292153154,0.6677613574165299,0
0.6703416998983501,0.8057680988816951,0.7220464135021097,0.6703416998983501,0
0.6658065525060599,0.8040875912408759,0.7204708960104643,0.6658065525060599,0
0.6745640785049652,0.8137961464921312,0.7266876805883898,0.6745640785049652,0
0.673860348737196,0.8143236074270557,0.7260067003875714,0.673860348737196,0
0.6740949253264524,0.8107446348840559,0.7298068196551277,0.6740949253264524,0
0.6740167331300336,0.8165732822176349,0.7265332896031486,0.6740167331300336,0
0.664242708577684,0.8089969427864317,0.7213136033229491,0.664242708577684,0
0.670810853076863,0.8106104651162791,0.7259828169747462,0.670810853076863,0
0.6694815857377434,0.8133081505157634,0.7259288076249757,0.6694815857377434,0
0.6740949253264524,0.8122093023255814,0.7283628779979145,0.6740949253264524,0
0.6759715380405036,0.8105415162454873,0.7303838646714379,0.6759715380405036,0
0.6737821565407772,0.8169197396963124,0.7303167420814479,0.6737821565407772,0
0.6785518805223238,0.8107756752852809,0.7319554019690944,0.6785518805223238,0
0.6695597779341622,0.8111837327523602,0.7255131202909847,0.6695597779341622,0
0.6683087027914614,0.807855781914114,0.7221276038254946,0.6683087027914614,0
0.6668230510595042,0.8101953871015132,0.7213393499444117,0.6668230510595042,0
0.6679959340057863,0.8061764705882353,0.7208415516107823,0.6679959340057863,0
0.6810540308077254,0.8170785202514987,0.7326122582759751,0.6810540308077254,0
0.6687778559699742,0.8135038667459845,0.7208750658935161,0.6687778559699742,0
0.6728438501837517,0.8135789931814885,0.7283116883116884,0.6728438501837517,0
0.6740167331300336,0.8151346604215457,0.7276409485856145,0.6740167331300336,0
0.6679959340057863,0.7980460775736367,0.7205107951553449,0.6679959340057863,0
0.6729220423801705,0.8073275862068966,0.7287465144932235,0.6729220423801705,0
0.6747204628978029,0.8130485664131071,0.7276774024613774,0.6747204628978029,0
0.6686996637735554,0.8096703296703297,0.722872653541762,0.6686996637735554,0
0.6733130033622644,0.8113946071325022,0.7282071298464741,0.6733130033622644,0
0.670810853076863,0.8143255540877734,0.7249444662223965,0.670810853076863,0
0.6739385409336148,0.8160404624277456,0.7303414381789963,0.6739385409336148,0
0.6701071233090937,0.8129854902535542,0.7244824658786652,0.6701071233090937,0
0.6805066854327938,0.813632441760138,0.7347097779509154,0.6805066854327938,0
0.6644772851669404,0.8027798098024872,0.7188994431706518,0.6644772851669404,0
0.6690906247556494,0.8058436815193571,0.7227463312368972,0.6690906247556494,0
0.6747204628978029,0.8132888437545336,0.7293780900338277,0.6747204628978029,0
0.6726092735944953,0.8092655035918487,0.7250279109476587,0.6726092735944953,0
0.6716709672374697,0.8104969126727433,0.7242036124794745,0.6716709672374697,0
0.6763624990225976,0.8108853410740203,0.7297067850845687,0.6763624990225976,0
0.6725310813980765,0.81511746680286,0.72734375,0.6725310813980765,0
0.6586128704355305,0.796064139941691,0.7144165358451072,0.6586128704355305,0
0.6724528892016577,0.8137628111273792,0.7262985952303169,0.6724528892016577,0
0.6709672374697006,0.8109525196621031,0.7257559958289885,0.6709672374697006,0
0.6793338024865119,0.8141476274165202,0.7305342006702149,0.6793338024865119,0
0.6751114238798968,0.8125993353561624,0.7302473544114783,0.6751114238798968,0
0.675815153647666,0.8103223941014891,0.7300078145350352,0.675815153647666,0
0.6765970756118539,0.8106662812545166,0.7306239416438713,0.6765970756118539,0
0.6719055438267261,0.810185862725011,0.7251768404506157,0.6719055438267261,0
0.6717491594338885,0.8139189790770144,0.7232331223628692,0.6717491594338885,0
0.6753460004691532,0.8067117960535791,0.7295818679171552,0.6753460004691532,0
0.6663538978809915,0.807471687012796,0.7201416672132223,0.6663538978809915,0
0.6694815857377434,0.8141877098233834,0.725216147695508,0.6694815857377434,0
0.6686214715771366,0.8022491602161531,0.7216237519705728,0.6686214715771366,0
0.6650246305418719,0.8153459491425192,0.7202559749249053,0.6650246305418719,0
0.6709672374697006,0.8122876975335992,0.7233035244608101,0.6709672374697006,0
0.6760497302369224,0.811985559566787,0.7307817272077458,0.6760497302369224,0
0.671201814058957,0.8130924170616114,0.7230819888047415,0.671201814058957,0
0.6706544686840253,0.8069970845481049,0.7244176917037425,0.6706544686840253,0
0.6702635077019313,0.8040011597564511,0.724541119602848,0.6702635077019313,0
0.6737039643443584,0.8126463700234192,0.7268442757085816,0.6737039643443584,0
0.6769880365939479,0.8106500290191526,0.7300882064684744,0.6769880365939479,0
0.6769880365939479,0.8222940226171244,0.7305107965294539,0.6769880365939479,0
0.6669794354523418,0.8158590308370044,0.7229197840088478,0.6669794354523418,0
0.6670576276487606,0.812675018422992,0.7214444589820751,0.6670576276487606,0
0.6710454296661194,0.8090548287520212,0.723496549457772,0.6710454296661194,0
0.6756587692548284,0.8155552312855684,0.7293488190003915,0.6756587692548284,0
0.6739385409336148,0.8174014258693438,0.7293262365312216,0.6739385409336148,0
0.6679177418093675,0.8067066920486162,0.7217818539141828,0.6679177418093675,0
0.6666666666666666,0.8104391542214994,0.72,0.6666666666666666,0
0.6790992258972555,0.8153957879448076,0.7323245499608662,0.6790992258972555,0
0.6744076941121276,0.8195763330898466,0.7293291731669267,0.6744076941121276,0
0.667292204238017,0.7972658522396743,0.7204152703857021,0.667292204238017,0
0.6715927750410509,0.8074561403508772,0.7245179063360881,0.6715927750410509,0
0.67620611462976,0.81812891022843,0.7308767141093131,0.67620611462976,0
0.6733130033622644,0.8161807580174927,0.7282778355879292,0.6733130033622644,0
0.6782391117366486,0.8164090712119023,0.7331214735067125,0.6782391117366486,0
0.6606458675424193,0.805906553041434,0.7165251469627695,0.6606458675424193,0
0.6681523183986238,0.8119327481029609,0.7200158332233804,0.6681523183986238,0
0.6686996637735554,0.8084358523725835,0.7226549715258231,0.6686996637735554,0
0.6717491594338885,0.8086284798134383,0.7255132731790245,0.6717491594338885,0
0.6608022519352569,0.8055268213388503,0.7153543307086614,0.6608022519352569,0
0.6723746970052389,0.8130936723659213,0.7264655960308134,0.6723746970052389,0
0.6653373993275471,0.7997936016511867,0.7171183079973562,0.6653373993275471,0
0.6682305105950426,0.8069863824748372,0.7198785238000924,0.6682305105950426,0
0.6725310813980765,0.8130935251798561,0.7296320206584893,0.6725310813980765,0
0.6691688169520682,0.8115091015854374,0.7232288872898541,0.6691688169520682,0
0.6744858863085464,0.8128654970760234,0.7276058365504154,0.6744858863085464,0
0.6651028227382907,0.8095098326973877,0.72033953640222,0.6651028227382907,0
0.6760497302369224,0.819645966337783,0.7316883621527103,0.6760497302369224,0
0.663460786613496,0.8088791848617176,0.7208457646906213,0.663460786613496,0
0.6715145828446321,0.8081597222222222,0.7267286801535159,0.6715145828446321,0
0.6673703964344359,0.8031496062992126,0.7214145383104126,0.6673703964344359,0
0.668074126202205,0.806165479133343,0.7231461553512033,0.668074126202205,0
0.6771444209867855,0.8118512110726643,0.7317263335715678,0.6771444209867855,0
0.6719837360231449,0.8015478971962616,0.7235220457391419,0.6719837360231449,0
0.6698725467198373,0.8090787716955942,0.7209517514871117,0.6698725467198373,0
0.666510282273829,0.8119367705717241,0.7204561840466671,0.666510282273829,0
0.6708890452732817,0.814906290861543,0.7271666558630971,0.6708890452732817,0
0.6741731175228712,0.810924981791697,0.72766485850598,0.6741731175228712,0
0.6657283603096411,0.8069560134443957,0.7209347868659834,0.6657283603096411,0
0.6713581984517946,0.8107791446983011,0.7248445171849427,0.6713581984517946,0
0.6656501681132223,0.8092276540352907,0.7235225656278288,0.6656501681132223,0
0.6682305105950426,0.8139362490733877,0.721277015043027,0.6682305105950426,0
0.6672140120415982,0.8046875,0.7232769830949285,0.6672140120415982,0
0.6721401204159825,0.810988050131157,0.7263590680676107,0.6721401204159825,0
0.6608804441316757,0.8,0.7157370387363178,0.6608804441316757,0
0.6730002345765893,0.8110772799768015,0.7279115159401431,0.6730002345765893,0
0.6632262100242395,0.8090201263405318,0.7188825794660922,0.6632262100242395,0
0.66189694268512,0.8050268778149063,0.7193301311177464,0.66189694268512,0
0.670810853076863,0.8145618369423049,0.7269779507133592,0.670810853076863,0
0.6683087027914614,0.809758931164682,0.7244380927634143,0.6683087027914614,0
0.6761279224333412,0.8104479789873048,0.7283934426229508,0.6761279224333412,0
0.6670576276487606,0.8061777192211975,0.7211891042430592,0.6670576276487606,0
0.6675267808272735,0.8069815195071869,0.7212899842684846,0.6675267808272735,0
0.6759715380405036,0.8138081395348837,0.7298918002867945,0.6759715380405036,0
0.6733911955586832,0.8107001900306973,0.7264391905167332,0.6733911955586832,0
0.6686214715771366,0.8155713439905269,0.7222440686852799,0.6686214715771366,0
0.6618187504887012,0.7997948116664224,0.7161887262943762,0.6618187504887012,0
0.6673703964344359,0.8093854423943048,0.7236944660950896,0.6673703964344359,0
0.6669794354523418,0.8111733490566038,0.7209957418932198,0.6669794354523418,0
0.6651810149347095,0.8089871405866205,0.7233850129198967,0.6651810149347095,0
0.6709672374697006,0.8116047939199065,0.7252187540812328,0.6709672374697006,0
0.6648682461490343,0.8043510216081141,0.7185817465528562,0.6648682461490343,0
0.6704980842911877,0.8058849363197189,0.7232002101944298,0.6704980842911877,0
0.6725310813980765,0.8138190228389708,0.7288969445882962,0.6725310813980765,0
0.6769098443975291,0.809282951502529,0.7247535305089262,0.6769098443975291,0
0.6722965048088201,0.8141931684334511,0.7251983476493344,0.6722965048088201,0
0.6710454296661194,0.8088895323584769,0.726480722969898,0.6710454296661194,0
0.6719837360231449,0.815020455873758,0.7267279004625106,0.6719837360231449,0
0.6607240597388381,0.8045046371264537,0.7158294583797237,0.6607240597388381,0
0.66189694268512,0.8016236162361624,0.7152640590017121,0.66189694268512,0
0.6667448588630854,0.8100337391814582,0.721547105710179,0.6667448588630854,0
0.6657283603096411,0.8117595436594998,0.7219512195121951,0.6657283603096411,0
0.6617405582922824,0.8067313345091123,0.7173288029273392,0.6617405582922824,0
0.6740949253264524,0.8120191609812745,0.7285751497785882,0.6740949253264524,0
0.6670576276487606,0.805820961340585,0.7202732886611484,0.6670576276487606,0
0.6701071233090937,0.8134140936622839,0.7229991464775786,0.6701071233090937,0
0.6686214715771366,0.8077837195484254,0.7195977239645361,0.6686214715771366,0
0.664633669559778,0.8056164984642387,0.7197647827507351,0.664633669559778,0
0.6740167331300336,0.8088319907940161,0.729549140447616,0.6740167331300336,0
0.6810540308077254,0.8195344725987036,0.7317329825715225,0.6810540308077254,0
0.6721401204159825,0.8176574977817214,0.7250672087076258,0.6721401204159825,0
0.6679959340057863,0.805115535532626,0.7229544564791857,0.6679959340057863,0
0.6690124325592306,0.8102370219572488,0.7247187357742082,0.6690124325592306,0
0.6733130033622644,0.8111423082606768,0.7243335972552124,0.6733130033622644,0
0.6694815857377434,0.8096900916630293,0.7247509279156085,0.6694815857377434,0
0.6703416998983501,0.8056080197588261,0.7245524630863713,0.6703416998983501,0
0.6676831652201111,0.7989028439439873,0.7225486355921139,0.6676831652201111,0
0.667292204238017,0.81,0.7242921013412816,0.667292204238017,0
0.6711236218625382,0.812546344357111,0.7226325507781588,0.6711236218625382,0
0.6719055438267261,0.8080540858318636,0.7238020010531859,0.6719055438267261,0
0.6679177418093675,0.8037451008854696,0.7227987729260492,0.6679177418093675,0
0.6700289311126749,0.8048248801046359,0.7241108786610879,0.6700289311126749,0
0.6668230510595042,0.8112372806370742,0.7208281464980673,0.6668230510595042,0
0.6659629368988975,0.8130357670706474,0.7203090218672253,0.6659629368988975,0
0.6653373993275471,0.8055958248767758,0.7219695985448876,0.6653373993275471,0
0.6612714051137697,0.8065502183406114,0.7189567925262749,0.6612714051137697,0
0.6683868949878802,0.8044839132333673,0.7226835807232067,0.6683868949878802,0
0.6735475799515208,0.813956919445264,0.7254914853047537,0.6735475799515208,0
0.6645554773633592,0.8115015974440895,0.7226173541963016,0.6645554773633592,0
0.6643990929705216,0.8002341577637934,0.7181507748883635,0.6643990929705216,0
0.6711236218625382,0.8119570019142983,0.7239070500196928,0.6711236218625382,0
0.6701853155055125,0.8153508771929825,0.7256049960967994,0.6701853155055125,0
0.6697943545234185,0.8099027409372237,0.7224449556358856,0.6697943545234185,0
0.6704198920947689,0.8089526038619076,0.7240589198036007,0.6704198920947689,0
0.6656501681132223,0.8081336238198983,0.7224097636977408,0.6656501681132223,0
0.673078426773008,0.8121425428948527,0.725961853575408,0.673078426773008,0
0.6622097114707952,0.8077712609970674,0.7183465901682097,0.6622097114707952,0
0.6744076941121276,0.8135048231511254,0.7277719665271967,0.6744076941121276,0
0.6719055438267261,0.8163977322285216,0.7280269639616282,0.6719055438267261,0
0.6663538978809915,0.8067226890756303,0.7194793241732956,0.6663538978809915,0
0.6709672374697006,0.8151854031783402,0.7247514390371533,0.6709672374697006,0
0.6678395496129487,0.8091603053435115,0.7218438973284442,0.6678395496129487,0
0.6687778559699742,0.8048816135632856,0.7222295081967213,0.6687778559699742,0
0.6712800062553758,0.813579163008487,0.7256590968415557,0.6712800062553758,0
0.6693252013449058,0.8067104303428154,0.7233959055530119,0.6693252013449058,0
0.6655719759168035,0.812453996761372,0.7207313091740124,0.6655719759168035,0
0.67425130971929,0.8122270742358079,0.7281743442515985,0.67425130971929,0
0.67425130971929,0.8064986157657001,0.7265686531898136,0.67425130971929,0
0.6739385409336148,0.811508508797231,0.7296421161825726,0.6739385409336148,0
0.6810540308077254,0.8115228720324261,0.7332417762082271,0.6810540308077254,0
0.666901243255923,0.8083505458837416,0.7200683401235379,0.666901243255923,0
0.6752678082727344,0.8117612293144209,0.7257116438808533,0.6752678082727344,0
0.6694033935413246,0.8098457016899339,0.7227540983606557,0.6694033935413246,0
0.6633044022206583,0.808482535955386,0.7190028713129731,0.6633044022206583,0
0.6753460004691532,0.8112507138777841,0.7324052590873936,0.6753460004691532,0
0.6726092735944953,0.81107347960536,0.724593830165099,0.6726092735944953,0
0.6683868949878802,0.8105371294393895,0.7225747367043893,0.6683868949878802,0
0.6745640785049652,0.81554389034704,0.7288246025540787,0.6745640785049652,0
0.6733130033622644,0.8121627533906957,0.7272133716375032,0.6733130033622644,0
0.6722965048088201,0.8094262295081968,0.7251983476493344,0.6722965048088201,0
0.6687778559699742,0.8125910813174002,0.7247205614764751,0.6687778559699742,0
0.6749550394870591,0.8137481910274964,0.7301175095760566,0.6749550394870591,0
0.6691688169520682,0.8065271476657397,0.7226119451911099,0.6691688169520682,0
0.6693252013449058,0.813012811285447,0.7276006441223832,0.6693252013449058,0
0.6687778559699742,0.8098642930103604,0.7237871674491393,0.6687778559699742,0
0.6707326608804441,0.8048851835600409,0.72327002694355,0.6707326608804441,0
0.6695597779341622,0.8132670952659263,0.7248339627555671,0.6695597779341622,0
0.669247009148487,0.8068481123792801,0.722768383798663,0.669247009148487,0
0.6672140120415982,0.8077259475218659,0.7225192332768288,0.6672140120415982,0
0.6661975134881539,0.8127192982456141,0.722558003509456,0.6661975134881539,0
0.6729220423801705,0.8137211693844572,0.7259026276128694,0.6729220423801705,0
0.6685432793807178,0.8113868613138686,0.7239335721263432,0.6685432793807178,0
0.6737039643443584,0.8123636363636364,0.7280192921853614,0.6737039643443584,0
0.6687778559699742,0.8059549745824256,0.7237511412547281,0.6687778559699742,0
0.6639299397920088,0.8068663257852448,0.7198905109489051,0.6639299397920088,0
0.678473688325905,0.8155283129013426,0.7310308738880168,0.678473688325905,0
0.6609586363280945,0.8001467351430668,0.7155228972575778,0.6609586363280945,0
0.6690906247556494,0.8100825727944372,0.7254800207576544,0.6690906247556494,0
0.6658065525060599,0.8078653315919315,0.7226116303219107,0.6658065525060599,0
0.6707326608804441,0.809796157794398,0.7239593575876762,0.6707326608804441,0
0.669637970130581,0.8147495225503159,0.7241626950447215,0.669637970130581,0
0.6679959340057863,0.8073167176796385,0.7229182980944923,0.6679959340057863,0
0.6763624990225976,0.8170218935769175,0.731390745668116,0.6763624990225976,0
0.6766752678082727,0.8084797444460577,0.7292253290550718,0.6766752678082727,0
0.6753460004691532,0.8166378814047208,0.7321290322580645,0.6753460004691532,0
0.6694815857377434,0.80549868382568,0.7226923833890966,0.6694815857377434,0
0.6643990929705216,0.803510842307125,0.7173712630053997,0.6643990929705216,0
0.6710454296661194,0.8087213599408721,0.7222919004554756,0.6710454296661194,0
0.675033231683478,0.8130581174059435,0.7277253668763103,0.675033231683478,0
0.6694815857377434,0.811660516605166,0.7223645320197044,0.6694815857377434,0
0.6629916334349832,0.8026666666666666,0.7154364188564638,0.6629916334349832,0
0.6676049730236923,0.8104230712926365,0.7225739085035567,0.6676049730236923,0
0.6714363906482133,0.8111046680197158,0.7270010395010394,0.6714363906482133,0
0.6662757056845727,0.8062141069061994,0.7195426468655539,0.6662757056845727,0
0.6605676753460005,0.7997073884418434,0.7157729326262031,0.6605676753460005,0
0.6683868949878802,0.8075793184488836,0.7216643696265669,0.6683868949878802,0
0.675815153647666,0.8150094904365601,0.7291966035271065,0.675815153647666,0
0.6651028227382907,0.8117577197149644,0.718575464879427,0.6651028227382907,0
0.670810853076863,0.8090988882387361,0.7243321110529073,0.670810853076863,0
0.6676049730236923,0.8081352966904797,0.7228271500293408,0.6676049730236923,0
0.6728438501837517,0.8085999710438685,0.7274977204637229,0.6728438501837517,0
0.6830870279146142,0.8155423949154991,0.7358748778103616,0.6830870279146142,0
0.6670576276487606,0.8078099956287338,0.7225335592336766,0.6670576276487606,0
0.6611150207209321,0.8015086525661884,0.7143422093329818,0.6611150207209321,0
0.6755805770584096,0.8087032710280374,0.727487684729064,0.6755805770584096,0
0.6633044022206583,0.8121563382374796,0.7173798897348386,0.6633044022206583,0
0.669637970130581,0.8095307278802848,0.7250959724119982,0.669637970130581,0
0.664633669559778,0.8029542097488922,0.7171030934634919,0.664633669559778,0
0.671201814058957,0.8148038490007402,0.7235916650233353,0.671201814058957,0
0.6612714051137697,0.7965927448964606,0.7146245059288537,0.6612714051137697,0
0.6704980842911877,0.8089051094890511,0.7245031380753139,0.6704980842911877,0
0.6755805770584096,0.8113070085968236,0.7285574092247301,0.6755805770584096,0
0.6705762764876065,0.8095723014256619,0.7254122401094962,0.6705762764876065,0
0.6712800062553758,0.8146576945582212,0.7259809672793638,0.6712800062553758,0
0.6651028227382907,0.8082030097373857,0.7189448126517488,0.6651028227382907,0
0.6653373993275471,0.8132939438700147,0.7201150928590112,0.6653373993275471,0
0.6704980842911877,0.8099913369910482,0.726966437734871,0.6704980842911877,0
0.6617405582922824,0.8054264727926848,0.7129777070063694,0.6617405582922824,0
0.6633044022206583,0.8005024383035318,0.7155878467635403,0.6633044022206583,0
0.663460786613496,0.8022312373225152,0.7201196514501236,0.663460786613496,0
0.6706544686840253,0.8098303101228789,0.7244176917037425,0.6706544686840253,0
0.6693252013449058,0.8186445607911577,0.726932265771292,0.6693252013449058,0
0.67425130971929,0.8157280420192589,0.7285639822778213,0.67425130971929,0
0.6751896160763156,0.8061538461538461,0.7259532919910279,0.6751896160763156,0
0.6661975134881539,0.8083867210250437,0.7223053405321017,0.6661975134881539,0
0.6664320900774102,0.8070457535448033,0.721322184478704,0.6664320900774102,0
0.669637970130581,0.8115879208206906,0.7266964227957824,0.669637970130581,0
0.6704198920947689,0.813579511614056,0.7216535693059499,0.6704198920947689,0
0.682383298146845,0.814739590889308,0.7344056492742251,0.682383298146845,0
0.6702635077019313,0.8056394763343404,0.7264707790101835,0.6702635077019313,0
0.6668230510595042,0.8131085598023543,0.7242249692576532,0.6668230510595042,0
0.6709672374697006,0.8094750694545986,0.724607329842932,0.6709672374697006,0
0.673860348737196,0.8089920232052211,0.72786585763685,0.673860348737196,0
0.6667448588630854,0.8100279370680782,0.7210732984293193,0.6667448588630854,0
0.6766752678082727,0.8144016227180527,0.7310918904857905,0.6766752678082727,0
0.6720619282195637,0.804187725631769,0.7264544743021132,0.6720619282195637,0
0.6681523183986238,0.7990038089657193,0.7199049630411827,0.6681523183986238,0
0.6676049730236923,0.7990430622009569,0.7216656845413475,0.6676049730236923,0
0.6704198920947689,0.8100947306098283,0.7219840379922169,0.6704198920947689,0
0.6672140120415982,0.8119319847552038,0.7224468501369505,0.6672140120415982,0
0.664633669559778,0.804436660828955,0.7199111865734996,0.664633669559778,0
0.6590820236140433,0.801569995638901,0.716662334286457,0.6590820236140433,0
0.6729220423801705,0.8175881584675664,0.7292731862015404,0.6729220423801705,0
0.6704980842911877,0.814495767117184,0.7224344618627322,0.6704980842911877,0
0.6725310813980765,0.8076867084000582,0.7259879612666841,0.6725310813980765,0
0.6637735553991712,0.797514619883041,0.7172912557527942,0.6637735553991712,0
0.6701853155055125,0.8100752750434279,0.7262816353017522,0.6701853155055125,0
0.6737039643443584,0.8155311355311355,0.72734400522705,0.6737039643443584,0
0.6700289311126749,0.8092095615192844,0.7233875196643943,0.6700289311126749,0
0.6678395496129487,0.8120697231580489,0.7230046948356808,0.6678395496129487,0
0.6755805770584096,0.8161732851985559,0.7315084449621433,0.6755805770584096,0
0.6698725467198373,0.8115791040333383,0.7209148598625066,0.6698725467198373,0
0.6726874657909141,0.8045454545454546,0.7238786279683377,0.6726874657909141,0
0.6704198920947689,0.8087399854333576,0.724851491611724,0.6704198920947689,0
0.6760497302369224,0.815393435574029,0.7330713227240513,0.6760497302369224,0
0.6698725467198373,0.8027529652950651,0.7219807717634663,0.6698725467198373,0
0.6687778559699742,0.8084036100014795,0.7206541809548932,0.6687778559699742,0
0.6690124325592306,0.8059133489461359,0.7223351918661857,0.6690124325592306,0
0.6737039643443584,0.8130990415335463,0.7285147355409537,0.6737039643443584,0
0.6756587692548284,0.8131458094144661,0.7320413436692507,0.6756587692548284,0
0.6758933458440848,0.8107791446983011,0.7276072813300913,0.6758933458440848,0
0.668074126202205,0.8030899285818394,0.7219128725843432,0.668074126202205,0
0.6716709672374697,0.8126888217522659,0.7290443311608699,0.6716709672374697,0
0.669247009148487,0.8052478134110788,0.723131299908365,0.669247009148487,0
0.6737039643443584,0.8092285508291276,0.7289731765928428,0.6737039643443584,0
0.680037532254281,0.8147720715522215,0.7340785027293996,0.680037532254281,0
0.6791774180936743,0.8165472884081275,0.7313911620294599,0.6791774180936743,0
0.6683868949878802,0.8006175562417291,0.7197144934240962,0.6683868949878802,0
0.6709672374697006,0.8122270742358079,0.7261842790213431,0.6709672374697006,0
0.6704980842911877,0.815434750407347,0.7232002101944298,0.6704980842911877,0
0.6747204628978029,0.8169511477339612,0.7274633123689728,0.6747204628978029,0
0.6747986550942215,0.814901730712819,0.727653722742453,0.6747986550942215,0
0.6700289311126749,0.817096536477524,0.7243271492030311,0.6700289311126749,0
0.6788646493079991,0.8159124087591241,0.7313052011776251,0.6788646493079991,0
0.67425130971929,0.8160919540229885,0.7291991679667187,0.67425130971929,0
0.6694033935413246,0.803524614040198,0.7229720875376753,0.6694033935413246,0
0.6661975134881539,0.8083321065803033,0.7200839289226936,0.6661975134881539,0
0.6766752678082727,0.8108654818667823,0.7307767432775572,0.6766752678082727,0
0.6736257721479396,0.8155594405594405,0.7284320104098894,0.6736257721479396,0
0.6675267808272735,0.8036971830985915,0.7204103103629669,0.6675267808272735,0
0.6719055438267261,0.8069357423867114,0.7252488213724463,0.6719055438267261,0
0.67425130971929,0.8110673090962184,0.7272846294841582,0.67425130971929,0
0.6726092735944953,0.8098848228604753,0.7262861999084788,0.6726092735944953,0
0.6675267808272735,0.814425355450237,0.7211803278688524,0.6675267808272735,0
0.6760497302369224,0.8158946277933994,0.7268771837299756,0.6760497302369224,0
0.6691688169520682,0.8081710352906721,0.7229026131377301,0.6691688169520682,0
0.6695597779341622,0.8108345534407028,0.7238269507253954,0.6695597779341622,0
0.6775353819688795,0.8096895851465042,0.7302459445316588,0.6775353819688795,0
0.6726874657909141,0.8092578986039677,0.7246052631578948,0.6726874657909141,0
0.6701071233090937,0.808380619816674,0.7248059487313286,0.6701071233090937,0
0.6724528892016577,0.812037708484409,0.7277571976343666,0.6724528892016577,0
0.6718273516303073,0.816493639420968,0.7268467295802148,0.6718273516303073,0
0.6650246305418719,0.8075388026607538,0.7183431952662722,0.6650246305418719,0
0.6710454296661194,0.8094686549876936,0.726622912469946,0.6710454296661194,0
0.6723746970052389,0.8151776575522737,0.7268578878748371,0.6723746970052389,0
0.675815153647666,0.8166908563134978,0.7307792207792208,0.675815153647666,0
0.6683868949878802,0.8035977587732233,0.7198996103295687,0.6683868949878802,0
0.6724528892016577,0.8180744240992321,0.7256532844325103,0.6724528892016577,0
0.6704198920947689,0.8095518001469507,0.7232981028031248,0.6704198920947689,0
0.6686214715771366,0.8119205298013245,0.7224986904138292,0.6686214715771366,0
0.6715145828446321,0.8081143517181635,0.727119194543683,0.6715145828446321,0
0.6670576276487606,0.807603353570396,0.7240798341109383,0.6670576276487606,0
0.6787082649151615,0.8188006952491309,0.7334414531300681,0.6787082649151615,0
0.6741731175228712,0.8106577609989836,0.7282332224613579,0.6741731175228712,0
0.6651810149347095,0.806281957633309,0.7204960835509139,0.6651810149347095,0
0.6659629368988975,0.8090709583028529,0.7213670753978607,0.6659629368988975,0
0.6745640785049652,0.8085075909481524,0.7306497540771422,0.6745640785049652,0
0.6655719759168035,0.8030347672362994,0.7182291323539101,0.6655719759168035,0
0.6749550394870591,0.8120081608860391,0.7283184105614012,0.6749550394870591,0
0.6693252013449058,0.8077883908890522,0.722196676082244,0.6693252013449058,0
0.6705762764876065,0.8029506281040023,0.7229565331755112,0.6705762764876065,0
0.6701071233090937,0.8076201472073893,0.7262345078190903,0.6701071233090937,0
0.6718273516303073,0.8106104651162791,0.7265976157905022,0.6718273516303073,0
0.6683087027914614,0.8066551921973609,0.72614590058102,0.6683087027914614,0
0.6763624990225976,0.8133119252663845,0.7291762088595171,0.6763624990225976,0
0.6731566189694268,0.8107951247823564,0.7277936962750716,0.6731566189694268,0
0.6723746970052389,0.8113534594828832,0.7283454356846473,0.6723746970052389,0
0.6666666666666666,0.8136185072020952,0.7240240823460866,0.6666666666666666,0
0.6702635077019313,0.8095238095238095,0.7231668089017265,0.6702635077019313,0
0.6757369614512472,0.8125091979396615,0.7269734676410561,0.6757369614512472,0
0.6639299397920088,0.8106753170156296,0.718974761344318,0.6639299397920088,0
0.6766752678082727,0.8163858221963974,0.7310569105691057,0.6766752678082727,0
0.6728438501837517,0.8121176813282843,0.7271778821074596,0.6728438501837517,0
0.6724528892016577,0.8098747236551216,0.7240266157190856,0.6724528892016577,0
0.6659629368988975,0.8152045050385299,0.7203090218672253,0.6659629368988975,0
0.670810853076863,0.8084139548519496,0.723753280839895,0.670810853076863,0
0.6661975134881539,0.8058634772462077,0.7213264573405574,0.6661975134881539,0
0.6640863241848464,0.8097546643161452,0.7195822454308094,0.6640863241848464,0
0.6587692548283681,0.802996588043317,0.7127057274522712,0.6587692548283681,0
0.6717491594338885,0.8167632634864022,0.7236339697169191,0.6717491594338885,0
0.6783954961294862,0.8214026426600842,0.73338951189473,0.6783954961294862,0
0.675424192665572,0.8111775864584854,0.7281419870325496,0.675424192665572,0
0.664633669559778,0.8092163193425301,0.7199843311353398,0.664633669559778,0
0.6752678082727344,0.8186438216930448,0.7308315509754358,0.6752678082727344,0
0.6714363906482133,0.8129060838747785,0.7237707073363134,0.6714363906482133,0
0.6728438501837517,0.815740072202166,0.72975067820695,0.6728438501837517,0
0.6801157244506998,0.8181287403298788,0.7326318541271812,0.6801157244506998,0
0.667292204238017,0.8197273926425326,0.7244349459231915,0.667292204238017,0
0.6753460004691532,0.8107678983833718,0.7301442870141688,0.6753460004691532,0
0.6695597779341622,0.8093845928957755,0.7237908496732026,0.6695597779341622,0
0.6725310813980765,0.8052525832376579,0.7282284231018818,0.6725310813980765,0
0.6747986550942215,0.8127307635504357,0.7257500824266403,0.6747986550942215,0
0.664633669559778,0.8075416968817984,0.7219448946515397,0.664633669559778,0
0.6690124325592306,0.8138173302107728,0.724288412688074,0.6690124325592306,0
0.6722183126124013,0.8160138748374043,0.729268922758977,0.6722183126124013,0
0.6700289311126749,0.8054537457850754,0.7225144660704892,0.6700289311126749,0
0.6647118617561968,0.8075848890195502,0.7192982456140351,0.6647118617561968,0
0.6676049730236923,0.8121708601521358,0.723152067730381,0.6676049730236923,0
0.6694815857377434,0.8128757882387447,0.7239600339580748,0.6694815857377434,0
0.6683087027914614,0.8063575386410032,0.7227813357731016,0.6683087027914614,0
0.6654937837203847,0.8051229806432834,0.7211576065701994,0.6654937837203847,0
0.6613495973101885,0.813589628967367,0.7160186217297226,0.6613495973101885,0
0.6683868949878802,0.8075861066705421,0.7238033213936829,0.6683868949878802,0
0.6716709672374697,0.8116578793204452,0.7252502780867631,0.6716709672374697,0
0.6678395496129487,0.8075048013000443,0.7201581027667984,0.6678395496129487,0
0.6718273516303073,0.8107352941176471,0.7242987584575971,0.6718273516303073,0
0.6674485886308547,0.8071957057884811,0.7234900201547364,0.6674485886308547,0
0.6715927750410509,0.8082535003684599,0.7231012658227848,0.6715927750410509,0
0.6654155915239659,0.8159717106232504,0.7213285574731357,0.6654155915239659,0
0.6693252013449058,0.8158284023668639,0.7228520872927453,0.6693252013449058,0
0.6751896160763156,0.8142981691368788,0.7295925009764354,0.6751896160763156,0
0.6748768472906403,0.8141334501387064,0.7284128020901371,0.6748768472906403,0
0.6770662287903667,0.8129192184310294,0.7297120418848168,0.6770662287903667,0
0.6733130033622644,0.8134350688210652,0.722428913101249,0.6733130033622644,0
0.6743295019157088,0.8164685416062627,0.7300537948019963,0.6743295019157088,0
0.6724528892016577,0.8100803506208911,0.725832842463512,0.6724528892016577,0
0.6819923371647509,0.8154943934760448,0.7336084364970197,0.6819923371647509,0
0.6660411290953163,0.8052484151555359,0.718920697597894,0.6660411290953163,0
0.6666666666666666,0.8085450007341066,0.7209530667015775,0.6666666666666666,0
0.6609586363280945,0.7967337416156314,0.7159329140461216,0.6609586363280945,0
0.6728438501837517,0.8124454783367258,0.7276041666666667,0.6728438501837517,0
0.669637970130581,0.8104850421144351,0.7254175602781568,0.669637970130581,0
0.6670576276487606,0.8093759242827566,0.7199421204946067,0.6670576276487606,0
0.6681523183986238,0.8062918729973784,0.7229041525202403,0.6681523183986238,0
0.6660411290953163,0.8071585098612125,0.7212322955420665,0.6660411290953163,0
0.66189694268512,0.8007251631617114,0.7185995054015358,0.66189694268512,0
0.6639299397920088,0.8098434004474273,0.716453357962792,0.6639299397920088,0
0.6690906247556494,0.8125,0.7230728962177726,0.6690906247556494,0
0.6645554773633592,0.8105371294393895,0.7202660406885759,0.6645554773633592,0
0.6723746970052389,0.8148741085722602,0.7277099038211593,0.6723746970052389,0
0.6697943545234185,0.8113539680211237,0.7237160614982009,0.6697943545234185,0
0.6708890452732817,0.8138515488018703,0.7257801811192912,0.6708890452732817,0
0.6697943545234185,0.8135543494205663,0.7242572641201437,0.6697943545234185,0
0.6751896160763156,0.8138297872340425,0.7315843887309382,0.6751896160763156,0
0.6700289311126749,0.8043319186301771,0.7225874309755457,0.6700289311126749,0
0.6722183126124013,0.8096276905177429,0.7264778807255644,0.6722183126124013,0
0.668074126202205,0.8078981628815276,0.7246188777165099,0.668074126202205,0
0.6691688169520682,0.8067300658376005,0.7227210171046595,0.6691688169520682,0
0.669247009148487,0.8100379340531076,0.7241424285900613,0.669247009148487,0
0.6679177418093675,0.8081250913342102,0.722545240739531,0.6679177418093675,0
0.6697943545234185,0.8072601555747623,0.726330114704167,0.6697943545234185,0
0.6652592071311283,0.8120023591860808,0.7201046093494606,0.6652592071311283,0
0.669247009148487,0.8151533018867925,0.723348593852191,0.669247009148487,0
0.6681523183986238,0.8149513417870835,0.7225781147862466,0.6681523183986238,0
0.6633825944170771,0.8092401569083248,0.7212690191000324,0.6633825944170771,0
0.6726874657909141,0.8074127906976745,0.7263336820083682,0.6726874657909141,0
0.6648682461490343,0.799327190288138,0.718322818086225,0.6648682461490343,0
0.6699507389162561,0.8082293523469994,0.7205191021651327,0.6699507389162561,0
0.6799593400578622,0.8193652186631564,0.7324311956592796,0.6799593400578622,0
0.6733130033622644,0.8127007299270073,0.7271421107628004,0.6733130033622644,0
0.668074126202205,0.8074334211296459,0.7222040442379425,0.668074126202205,0
0.669637970130581,0.8122599704579025,0.7224594363791631,0.669637970130581,0
0.6674485886308547,0.8148471615720524,0.7247071007832222,0.6674485886308547,0
0.668856048166393,0.8105540125712615,0.7236541598694943,0.668856048166393,0
0.6755805770584096,0.8167254556143445,0.7281661534429666,0.6755805770584096,0
0.6707326608804441,0.8116132806786602,0.7249330459207003,0.6707326608804441,0
0.6653373993275471,0.8015211350007313,0.7191601049868767,0.6653373993275471,0
0.6685432793807178,0.808327246165084,0.723031688990526,0.6685432793807178,0
0.6697161623269998,0.8151309979393583,0.7239215686274509,0.6697161623269998,0
0.6753460004691532,0.8147337709700948,0.7290170995953531,0.6753460004691532,0
0.6676049730236923,0.8105694627433758,0.7226101141924959,0.6676049730236923,0
0.6702635077019313,0.8085295424255886,0.7214111118451476,0.6702635077019313,0
0.6662757056845727,0.8021770682148041,0.7214462863855894,0.6662757056845727,0
0.6790992258972555,0.8133003492433062,0.7314487632508834,0.6790992258972555,0
0.6711236218625382,0.8123355743934522,0.7254927555149459,0.6711236218625382,0
0.668074126202205,0.8061149492870793,0.7209623348451982,0.668074126202205,0
0.6669794354523418,0.8020512820512821,0.7199316104425594,0.6669794354523418,0
0.6670576276487606,0.8118985126859143,0.7233987267766663,0.6670576276487606,0
0.6779263429509735,0.8173812617294645,0.7332772129767532,0.6779263429509735,0
0.6683087027914614,0.8099838969404187,0.7228899921609616,0.6683087027914614,0
0.666510282273829,0.8000585051923358,0.7195001644195989,0.666510282273829,0
0.6712800062553758,0.8072552447552448,0.7249771032317153,0.6712800062553758,0
0.6647118617561968,0.8051967116852613,0.7189670992266352,0.6647118617561968,0
0.6724528892016577,0.810438772583883,0.7296198283095592,0.6724528892016577,0
0.664633669559778,0.813151328342874,0.7209317457219078,0.664633669559778,0
0.6712800062553758,0.8126009693053312,0.7246889325474787,0.6712800062553758,0
0.6752678082727344,0.8172757475083057,0.7315275712715754,0.6752678082727344,0
0.6719055438267261,0.8149882903981265,0.7263240281763632,0.6719055438267261,0
0.6719837360231449,0.8150007382253064,0.7246471939612734,0.6719837360231449,0
0.6712800062553758,0.8155798170551786,0.7245085190039319,0.6712800062553758,0
0.6677613574165299,0.8068631764188298,0.7214318494722349,0.6677613574165299,0
0.6679959340057863,0.808211312087281,0.7261705146394943,0.6679959340057863,0
0.6709672374697006,0.8031611298112104,0.7228661749209695,0.6709672374697006,0
0.6666666666666666,0.8094683175528041,0.7227677700461729,0.6666666666666666,0
0.6785518805223238,0.8157665505226481,0.7321649618867678,0.6785518805223238,0
0.6629916334349832,0.8084126040428062,0.7162233342112194,0.6629916334349832,0
0.6679959340057863,0.804981684981685,0.7212813443612971,0.6679959340057863,0
0.6693252013449058,0.8066290345925604,0.7249430894308944,0.6693252013449058,0
0.6676049730236923,0.8131224370240188,0.723152067730381,0.6676049730236923,0
0.6719055438267261,0.8066168935734153,0.7242376445846478,0.6719055438267261,0
0.6730002345765893,0.8153034300791556,0.7267738141905136,0.6730002345765893,0
0.6715145828446321,0.8089508437270726,0.72410849149537,0.6715145828446321,0
0.6689342403628118,0.8107593081207857,0.7231956066945606,0.6689342403628118,0
0.6704980842911877,0.8137717487466823,0.7237083661159193,0.6704980842911877,0
0.6674485886308547,0.811768149882904,0.7228413163897035,0.6674485886308547,0
0.6645554773633592,0.8045725935634193,0.7203389830508474,0.6645554773633592,0
0.673078426773008,0.8136242996166323,0.7252415062101597,0.673078426773008,0
0.662678864649308,0.8037355902524442,0.7185909980430528,0.662678864649308,0
0.666510282273829,0.8067017851916887,0.7210777581583938,0.666510282273829,0
0.6687778559699742,0.8095097022663309,0.7206910193854675,0.6687778559699742,0
0.6701853155055125,0.8124093940272543,0.7265655387008946,0.6701853155055125,0
0.6714363906482133,0.812,0.7228963334212609,0.6714363906482133,0
0.6761279224333412,0.811196967487972,0.7287491814014407,0.6761279224333412,0
0.6731566189694268,0.8121708601521358,0.7265113844543313,0.6731566189694268,0
0.668074126202205,0.8057916726696441,0.7249044131942194,0.668074126202205,0
0.6683087027914614,0.808908879860708,0.7244022869022869,0.6683087027914614,0
0.6717491594338885,0.8132609652339738,0.7253696192594531,0.6717491594338885,0
0.6719055438267261,0.8094688221709007,0.7277446145860369,0.6719055438267261,0
0.6667448588630854,0.8091413551401869,0.7222367049009385,0.6667448588630854,0
0.6643209007741028,0.8066491688538933,0.7204532135182653,0.6643209007741028,0
0.6668230510595042,0.806565582216988,0.7200210263486432,0.6668230510595042,0
0.6780827273438111,0.8205128205128205,0.7312136841418032,0.6780827273438111,0
0.6756587692548284,0.8155099665357195,0.7299127490558667,0.6756587692548284,0
0.6729220423801705,0.8127740426775797,0.7266906239790918,0.6729220423801705,0
0.6694815857377434,0.8083417520565738,0.7260353879058915,0.6694815857377434,0
0.6683868949878802,0.8055880631948508,0.7219927892494264,0.6683868949878802,0
0.6661193212917351,0.8053760282021152,0.7197427146232607,0.6661193212917351,0
0.6731566189694268,0.813437139561707,0.7296947749612002,0.6731566189694268,0
0.6686996637735554,0.8094959824689555,0.7234153665382858,0.6686996637735554,0
0.6690124325592306,0.8109809663250366,0.7235321011037816,0.6690124325592306,0
0.6694033935413246,0.8110729741829578,0.7199629089945688,0.6694033935413246,0
0.6802721088435374,0.816404527414376,0.7309337369217609,0.6802721088435374,0
0.669637970130581,0.8099912100791092,0.7235490414185697,0.669637970130581,0
0.6726874657909141,0.8104951958610496,0.7237328405491025,0.6726874657909141,0
0.6751896160763156,0.8181551547147675,0.7287095088819227,0.6751896160763156,0
0.6727656579873329,0.8106104651162791,0.7271660473303344,0.6727656579873329,0
0.668074126202205,0.81173200702165,0.723326598448804,0.668074126202205,0
0.6737039643443584,0.8123522458628841,0.7248994660162172,0.6737039643443584,0
0.669637970130581,0.8112103029416069,0.7240546012670629,0.669637970130581,0
0.6699507389162561,0.8130607442270922,0.7237022975715127,0.6699507389162561,0
0.6678395496129487,0.8020497803806735,0.7205998421468035,0.6678395496129487,0
0.6704198920947689,0.80779258400927,0.7257466328323248,0.6704198920947689,0
0.6701853155055125,0.8079295154185022,0.7229010642491132,0.6701853155055125,0
0.6765188834154351,0.8181158368413413,0.7315205399441884,0.6765188834154351,0
0.6798811478614434,0.8263534218590398,0.7345006485084307,0.6798811478614434,0
0.6712800062553758,0.8136909997068308,0.7253364693584216,0.6712800062553758,0
0.6737039643443584,0.8159087585904372,0.7278419096067306,0.6737039643443584,0
0.6759715380405036,0.8181551547147675,0.7291857273559011,0.6759715380405036,0
0.6679177418093675,0.8086410742957233,0.722907287792784,0.6679177418093675,0
0.65994213777465,0.8022623769648891,0.7152118394342217,0.65994213777465,0
0.6737039643443584,0.8089490727112157,0.7248269040553907,0.6737039643443584,0
0.6676831652201111,0.8055760436642573,0.719878723965199,0.6676831652201111,0
0.6766752678082727,0.8167871367458327,0.7281215070024327,0.6766752678082727,0
0.6628352490421456,0.804863756226194,0.7181699346405229,0.6628352490421456,0
0.6703416998983501,0.8145185185185185,0.7228503812779384,0.6703416998983501,0
0.6661193212917351,0.8036944729511801,0.7197059209662596,0.6661193212917351,0
0.6766752678082727,0.8159677186914541,0.7325182741445113,0.6766752678082727,0
0.6724528892016577,0.8140791587556594,0.7268696616026602,0.6724528892016577,0
0.6729220423801705,0.8138954171562868,0.7259744513593187,0.6729220423801705,0
0.6668230510595042,0.8140931731614416,0.7228617886178862,0.6668230510595042,0
0.6719837360231449,0.8071938255424495,0.7254760814082848,0.6719837360231449,0
0.6686996637735554,0.8115622241835834,0.7225460022264423,0.6686996637735554,0
0.6697161623269998,0.8051192553810355,0.7238493723849372,0.6697161623269998,0
0.6690906247556494,0.8131032465633226,0.7243355914538823,0.6690906247556494,0
0.6697161623269998,0.8138313393638751,0.7253576072821847,0.6697161623269998,0
0.6682305105950426,0.8101650738488271,0.7250696559320936,0.6682305105950426,0
0.6726092735944953,0.8109561174077303,0.7272134992507655,0.6726092735944953,0
0.6851982172179216,0.8166521612996809,0.7366217453879367,0.6851982172179216,0
0.6704980842911877,0.8122341205809007,0.7243589743589743,0.6704980842911877,0
0.6668230510595042,0.8048426852254603,0.7226453166699213,0.6668230510595042,0
0.6731566189694268,0.8143521208599651,0.7284303534303534,0.6731566189694268,0
0.6693252013449058,0.8074378950463031,0.7220506079526783,0.6693252013449058,0
0.6811322230041442,0.8238206173558532,0.7350915941275822,0.6811322230041442,0
0.6647900539526155,0.806903673108128,0.7184606291455966,0.6647900539526155,0
0.6701853155055125,0.8102527075812275,0.7268134715025907,0.6701853155055125,0
0.66385174759559,0.8081650570676031,0.7198435972629521,0.66385174759559,0
0.6740167331300336,0.8137699166788481,0.7275697575638763,0.6740167331300336,0
0.6740949253264524,0.810616085869725,0.7256811899433987,0.6740949253264524,0
0.6714363906482133,0.8087006626332469,0.7276733635774465,0.6714363906482133,0
0.6654937837203847,0.8094820017559262,0.7211576065701994,0.6654937837203847,0
0.6658065525060599,0.8047716031422752,0.7213456774025296,0.6658065525060599,0
0.6791774180936743,0.813815979232766,0.7333809864188706,0.6791774180936743,0
0.6697161623269998,0.8151595744680851,0.7231616201337003,0.6697161623269998,0
0.6709672374697006,0.8116921269095182,0.7242463958060288,0.6709672374697006,0
0.6667448588630854,0.8103623926648231,0.7232108065982595,0.6667448588630854,0
0.6733130033622644,0.8149492017416545,0.7288421599169262,0.6733130033622644,0
0.6705762764876065,0.8154456027015122,0.7250179492200248,0.6705762764876065,0
0.6674485886308547,0.8133741258741258,0.7241714767494649,0.6674485886308547,0
0.6748768472906403,0.8146469814354627,0.7283063251437533,0.6748768472906403,0
0.6675267808272735,0.8125454810071314,0.7242184459722403,0.6675267808272735,0
0.6661193212917351,0.8038837829825082,0.7175178618682191,0.6661193212917351,0
0.6722965048088201,0.8117270478684708,0.7269528959541338,0.6722965048088201,0
0.673078426773008,0.8164187809857101,0.7281357695558879,0.673078426773008,0
0.6703416998983501,0.8070200990387416,0.7244084194012289,0.6703416998983501,0
0.6731566189694268,0.8073367571533382,0.7247102212855637,0.6731566189694268,0
0.6657283603096411,0.8104431768319439,0.7216253174448134,0.6657283603096411,0
0.6677613574165299,0.8061764705882353,0.7206994018273845,0.6677613574165299,0
0.6744858863085464,0.8145887823307179,0.7292357723577235,0.6744858863085464,0
0.6673703964344359,0.8034238488783944,0.7190595694095893,0.6673703964344359,0
0.6689342403628118,0.8070252792475014,0.7217402733964248,0.6689342403628118,0
0.6741731175228712,0.8128459073696476,0.728162306738861,0.6741731175228712,0
0.668856048166393,0.8083127452405173,0.7242659027280421,0.668856048166393,0
0.6650246305418719,0.8013273697879094,0.7216735966735967,0.6650246305418719,0
0.6741731175228712,0.8135373069707028,0.7301340586749563,0.6741731175228712,0
0.6704980842911877,0.8129804849201656,0.7229818564291349,0.6704980842911877,0
0.673860348737196,0.806948109058927,0.7252486660957776,0.673860348737196,0
0.6657283603096411,0.8064988290398126,0.7204968944099379,0.6657283603096411,0
0.6694815857377434,0.8059354087867326,0.723851832494937,0.6694815857377434,0
0.6671358198451794,0.8085199824330259,0.72181925112723,0.6671358198451794,0
0.6727656579873329,0.817546468401487,0.7243264607074633,0.6727656579873329,0
0.6744076941121276,0.8179818128483426,0.7281629455542499,0.6744076941121276,0
0.6780827273438111,0.8125,0.7299442440144309,0.6780827273438111,0
0.6661975134881539,0.8028720626631853,0.7216898102875025,0.6661975134881539,0
0.6703416998983501,0.8083910034602076,0.7267660401814647,0.6703416998983501,0
0.6681523183986238,0.8077706635622818,0.7234458490811938,0.6681523183986238,0
0.6689342403628118,0.8052902277736959,0.7213373700144794,0.6689342403628118,0
0.6697161623269998,0.8060808844922898,0.7240297922383379,0.6697161623269998,0
0.6710454296661194,0.8095307917888563,0.724113056593875,0.6710454296661194,0
0.6657283603096411,0.8051852936868317,0.7200209574955793,0.6657283603096411,0
0.6654937837203847,0.8035973310124747,0.7214481052220341,0.6654937837203847,0
0.6752678082727344,0.8132233796296297,0.7302370899642742,0.6752678082727344,0
0.6703416998983501,0.8106127235414834,0.724011521340665,0.6703416998983501,0
0.6751896160763156,0.8081207856933451,0.7263504611330698,0.6751896160763156,0
0.6714363906482133,0.81196089706728,0.728868241063363,0.6714363906482133,0
0.6697161623269998,0.8101358259091573,0.7242459851155504,0.6697161623269998,0
0.6747986550942215,0.8165190884018,0.7300928029073918,0.6747986550942215,0
0.6748768472906403,0.8137640040739124,0.7290145985401459,0.6748768472906403,0
0.6665884744702478,0.8134471090186847,0.7217073489100639,0.6665884744702478,0
0.6704980842911877,0.8114517061885483,0.7270371809819924,0.6704980842911877,0
0.6755023848619908,0.8132061628760088,0.7275830379414467,0.6755023848619908,0
0.6719837360231449,0.810767199647939,0.7248999934421929,0.6719837360231449,0
0.6792556102900931,0.8192147274557745,0.7352523557506131,0.6792556102900931,0
0.6636953632027524,0.8046061317294998,0.7183550520594592,0.6636953632027524,0
0.6711236218625382,0.8119544311288652,0.7229614016598603,0.6711236218625382,0
0.6675267808272735,0.8050407709414381,0.7186341979883536,0.6675267808272735,0
0.6708890452732817,0.813446126447017,0.7225627842594423,0.6708890452732817,0
0.6701853155055125,0.8037396724162922,0.7244577998432192,0.6701853155055125,0
0.6676831652201111,0.8117491942572517,0.7228019827811114,0.6676831652201111,0
0.673078426773008,0.8172338884866039,0.7296825499450443,0.673078426773008,0
0.6732348111658456,0.8130236660296928,0.7258053933468932,0.6732348111658456,0
0.6669794354523418,0.8074989225685965,0.7252435326753113,0.6669794354523418,0
0.6702635077019313,0.8125906585436612,0.7265417288113611,0.6702635077019313,0
0.6725310813980765,0.8000586338317209,0.7227224576271186,0.6725310813980765,0
0.6661975134881539,0.8091713829632854,0.7231697036508657,0.6661975134881539,0
0.6686996637735554,0.8106947118945341,0.7209378910623724,0.6686996637735554,0
0.6748768472906403,0.8202064896755162,0.7278795811518325,0.6748768472906403,0
0.669637970130581,0.8131085598023543,0.7259163152773273,0.669637970130581,0
0.6686996637735554,0.8076140656785818,0.7240278772878265,0.6686996637735554,0
0.6632262100242395,0.8038645939270667,0.7198334742730762,0.6632262100242395,0
0.670810853076863,0.8075555555555556,0.7214134462678666,0.670810853076863,0
0.6751114238798968,0.8110155908494827,0.7282004317393864,0.6751114238798968,0
0.6648682461490343,0.8057184750733137,0.7194291699397748,0.6648682461490343,0
0.6627570568457268,0.8042374111159484,0.7198804962005585,0.6627570568457268,0
0.6747986550942215,0.8099883517763541,0.7279031730454694,0.6747986550942215,0
0.6803503010399562,0.8154580981328702,0.7337848398020318,0.6803503010399562,0
0.6683868949878802,0.8047207154376191,0.7213351731388397,0.6683868949878802,0
0.6660411290953163,0.8125367863449088,0.7211230819458048,0.6660411290953163,0
0.6708890452732817,0.8138313393638751,0.7260657338106086,0.6708890452732817,0
0.6661193212917351,0.8067104303428154,0.7214611872146118,0.6661193212917351,0
0.6773789975760419,0.8172121566335476,0.7305381400208987,0.6773789975760419,0
0.6710454296661194,0.8107714701601164,0.7258747637974848,0.6710454296661194,0
0.6709672374697006,0.8044871794871795,0.7241017571466037,0.6709672374697006,0
0.6755805770584096,0.814375640462597,0.728379705400982,0.6755805770584096,0
0.6794901868793495,0.8187636363636364,0.7330858891710621,0.6794901868793495,0
0.6722965048088201,0.8164483260553129,0.728016094490233,0.6722965048088201,0
0.6733130033622644,0.8078494309892034,0.7260687123000262,0.6733130033622644,0
0.668074126202205,0.8121425428948527,0.7229293127080477,0.668074126202205,0
0.6701071233090937,0.8078997230724384,0.7243384514864424,0.6701071233090937,0
0.6664320900774102,0.8035041992470315,0.7223379328299921,0.6664320900774102,0
0.6620533270779576,0.8038730343622598,0.7186930486852382,0.6620533270779576,0
0.6636953632027524,0.803408756979136,0.7177265865984117,0.6636953632027524,0
0.6720619282195637,0.8077035735207967,0.7245139253809774,0.6720619282195637,0
0.673860348737196,0.8109545715928694,0.7300847731832006,0.673860348737196,0
0.6709672374697006,0.8137961464921312,0.7244991488804504,0.6709672374697006,0
0.666510282273829,0.8051385681293303,0.723429090201673,0.666510282273829,0
0.6730002345765893,0.8134317556809958,0.7288289456620413,0.6730002345765893,0
0.673078426773008,0.8115501519756839,0.728418317635596,0.673078426773008,0
0.6720619282195637,0.8048957126303592,0.7260256075254768,0.6720619282195637,0
0.6731566189694268,0.8098571011956839,0.7265829408686552,0.6731566189694268,0
0.6685432793807178,0.806819866567828,0.7196984725252926,0.6685432793807178,0
0.6668230510595042,0.8160799522673031,0.7197263697954351,0.6668230510595042,0
0.6656501681132223,0.8090855974291558,0.7215057965351048,0.6656501681132223,0
0.6640081319884276,0.8085450007341066,0.7193520997975312,0.6640081319884276,0
0.6715145828446321,0.8132833885607261,0.7288102769349946,0.6715145828446321,0
0.6677613574165299,0.805442374854482,0.7226320255891376,0.6677613574165299,0
0.6658847447024787,0.8120785693345061,0.7216830586855989,0.6658847447024787,0
0.6708890452732817,0.8102286049237983,0.7243073295342897,0.6708890452732817,0
0.666510282273829,0.8072077351303838,0.7209682695453059,0.666510282273829,0
0.6683868949878802,0.808050910167234,0.7202691115361783,0.6683868949878802,0
0.6685432793807178,0.8053058857639895,0.7238256563945534,0.6685432793807178,0
0.6608804441316757,0.805408583186361,0.716480355625286,0.6608804441316757,0
0.6706544686840253,0.8068047337278107,0.7214285714285714,0.6706544686840253,0
0.6719837360231449,0.8196066834245157,0.7254760814082848,0.6719837360231449,0
0.6679959340057863,0.8123355743934522,0.7236036974352298,0.6679959340057863,0
0.6655719759168035,0.8094888366627497,0.7204392443950585,0.6655719759168035,0
0.681210415200563,0.8189642596644785,0.7336164652074485,0.681210415200563,0
0.6639299397920088,0.8035426731078905,0.7186436239853364,0.6639299397920088,0
0.6745640785049652,0.811490909090909,0.7283289817232376,0.6745640785049652,0
0.6657283603096411,0.8088191772713821,0.7188794634050109,0.6657283603096411,0
0.6719055438267261,0.8148908104939176,0.7260381300600679,0.6719055438267261,0
0.6661975134881539,0.804228998849252,0.7237072034172546,0.6661975134881539,0
0.6752678082727344,0.8025050975822895,0.7262901206089765,0.6752678082727344,0
0.6685432793807178,0.8174394867308253,0.7256488253187496,0.6685432793807178,0
0.6654937837203847,0.8073913043478261,0.722568093385214,0.6654937837203847,0
0.6719055438267261,0.8126637554585153,0.7268584819684937,0.6719055438267261,0
0.6702635077019313,0.8112712975098296,0.7254378540269549,0.6702635077019313,0
0.6691688169520682,0.798428176393538,0.7216996645398934,0.6691688169520682,0
0.6649464383454531,0.806125397284022,0.722563936549045,0.6649464383454531,0
0.6740949253264524,0.8141542002301496,0.7308884297520661,0.6740949253264524,0
0.6621315192743764,0.8105185185185185,0.7168970713490139,0.6621315192743764,0
0.6715145828446321,0.812584068151248,0.7213266998341625,0.6715145828446321,0
0.6711236218625382,0.8116279069767441,0.7264212306491479,0.6711236218625382,0
0.6689342403628118,0.8158281847602236,0.7237374396450477,0.6689342403628118,0
0.6722183126124013,0.8102847181871006,0.7268699504821475,0.6722183126124013,0
0.6720619282195637,0.8092587166715499,0.7248392599396405,0.6720619282195637,0
0.6685432793807178,0.8109262258872036,0.7220874582049432,0.6685432793807178,0
0.6716709672374697,0.8090533765850781,0.7232584195610624,0.6716709672374697,0
0.6694815857377434,0.8104403616214639,0.7244997718829433,0.6694815857377434,0
0.6676831652201111,0.8134661117717004,0.720321137141353,0.6676831652201111,0
0.6747204628978029,0.8116730373419583,0.7263517958163399,0.6747204628978029,0
0.6747204628978029,0.8106995884773662,0.7261716692996314,0.6747204628978029,0
0.6719837360231449,0.8096553729824051,0.7263714043441393,0.6719837360231449,0
0.6733130033622644,0.8154475105854869,0.7277821214490487,0.6733130033622644,0
0.678473688325905,0.8112568144983056,0.7281142554879662,0.678473688325905,0
0.6740949253264524,0.8111960035263003,0.7259697567389876,0.6740949253264524,0
0.6697943545234185,0.8088407494145199,0.7235351882160392,0.6697943545234185,0
0.6652592071311283,0.8101152177165943,0.7166589449996691,0.6652592071311283,0
0.6690906247556494,0.8062071980183593,0.7233625310498104,0.6690906247556494,0
0.6681523183986238,0.8095238095238095,0.7225055577350595,0.6681523183986238,0
0.6717491594338885,0.8159232892634026,0.7279325988334413,0.6717491594338885,0
0.6675267808272735,0.8020532099479468,0.7229245405968983,0.6675267808272735,0
0.6676049730236923,0.8128577719066491,0.72264631043257,0.6676049730236923,0
0.6695597779341622,0.8162011990057025,0.7254061078622482,0.6695597779341622,0
0.6719837360231449,0.8062364031907179,0.7260497616404362,0.6719837360231449,0
0.6834779888967081,0.8147717359697586,0.7346617724174096,0.6834779888967081,0
0.6618187504887012,0.7979558583913494,0.713557189217829,0.6618187504887012,0
0.6710454296661194,0.813614262560778,0.7241492361156645,0.6710454296661194,0
0.6691688169520682,0.8131932282545242,0.7248130081300813,0.6691688169520682,0
0.6655719759168035,0.8085668182484964,0.7204757858963466,0.6655719759168035,0
0.6691688169520682,0.8081293706293706,0.7239151712887438,0.6691688169520682,0
0.6627570568457268,0.8084070796460177,0.7176432078559738,0.6627570568457268,0
0.6726874657909141,0.8222286878091358,0.7297611362169142,0.6726874657909141,0
0.6733130033622644,0.8117867976310847,0.7290180308730055,0.6733130033622644,0
0.6723746970052389,0.8135543494205663,0.725821227588012,0.6723746970052389,0
0.6671358198451794,0.8098601913171449,0.7210902181746708,0.6671358198451794,0
0.6641645163812652,0.8076866440877633,0.7186374058303309,0.6641645163812652,0
0.6697943545234185,0.805016771182733,0.723317827425801,0.6697943545234185,0
0.669247009148487,0.8091238233164374,0.7253960010386913,0.669247009148487,0
0.6740167331300336,0.8132731771212341,0.72831541218638,0.6740167331300336,0
0.6643209007741028,0.8106093818500658,0.7209982452719829,0.6643209007741028,0
0.6708890452732817,0.814035603942916,0.7244517184942717,0.6708890452732817,0
0.6774571897724607,0.8184746010832967,0.7305154504475077,0.6774571897724607,0
0.6723746970052389,0.8069430203603339,0.7244871120462915,0.6723746970052389,0
0.6739385409336148,0.8194829852490142,0.7290800415800416,0.6739385409336148,0
0.673860348737196,0.8146666666666667,0.7250313138638012,0.673860348737196,0
0.6626006724528892,0.8088875980249782,0.7208023293432546,0.6626006724528892,0
0.6752678082727344,0.8145054945054945,0.7280466243206077,0.6752678082727344,0
0.6725310813980765,0.8142356036246712,0.7268101761252446,0.6725310813980765,0
0.666510282273829,0.8038637369119599,0.7187973890683721,0.666510282273829,0
