rank,experiment,rank,sampling,model,threshold,accuracy,recall,precision,f1,auc,logloss,ece,combined
1,A · KNN / RF,5,cw,randomforest,0.35,0.7307,0.8553,0.3446,0.4913,0.8487,0.3691,0.1171,0.7749499999999999
2,C · LogReg / CatBoost,8,smote,lightgbm,0.35,0.7295,0.8375,0.3413,0.4849,0.8378,0.3705,0.1111,0.77135
3,C · LogReg / CatBoost,9,smotenc,lightgbm,0.35,0.7295,0.8375,0.3413,0.4849,0.8378,0.3705,0.1111,0.77135
4,C · LogReg / CatBoost,10,smotecw,lightgbm,0.35,0.7295,0.8375,0.3413,0.4849,0.8378,0.3705,0.1111,0.77135
5,C · LogReg / CatBoost,11,smotencw,lightgbm,0.35,0.7295,0.8375,0.3413,0.4849,0.8378,0.3705,0.1111,0.77135
6,B · XGBoost / AdaBoost,8,smote,xgboost,0.35,0.7289,0.8358,0.3405,0.4838,0.8378,0.3704,0.1095,0.7712
7,B · XGBoost / AdaBoost,9,smotenc,xgboost,0.35,0.7289,0.8358,0.3405,0.4838,0.8378,0.3704,0.1095,0.7712
8,B · XGBoost / AdaBoost,10,smotecw,xgboost,0.35,0.7289,0.8358,0.3405,0.4838,0.8378,0.3704,0.1095,0.7712
9,B · XGBoost / AdaBoost,11,smotencw,xgboost,0.35,0.7289,0.8358,0.3405,0.4838,0.8378,0.3704,0.1095,0.7712
10,A · KNN / RF,1,smote,randomforest,0.35,0.708,0.8795,0.3282,0.478,0.8347,0.4003,0.1356,0.7629
11,A · KNN / RF,2,smotenc,randomforest,0.35,0.708,0.8795,0.3282,0.478,0.8347,0.4003,0.1356,0.7629
12,A · KNN / RF,3,smotecw,randomforest,0.35,0.7066,0.8808,0.3272,0.4772,0.8346,0.4044,0.1386,0.7611000000000001
13,A · KNN / RF,4,smotencw,randomforest,0.35,0.7066,0.8808,0.3272,0.4772,0.8346,0.4044,0.1386,0.7611000000000001
14,B · XGBoost / AdaBoost,3,base,adaboost,0.35,0.7163,0.8671,0.3334,0.4816,0.8456,0.4062,0.1388,0.7596
15,C · LogReg / CatBoost,16,base,catboost,0.35,0.8134,0.5865,0.4189,0.4887,0.8483,0.3284,0.0391,0.7581
16,B · XGBoost / AdaBoost,1,cw,xgboost,0.35,0.7098,0.8788,0.3296,0.4794,0.8469,0.4118,0.1493,0.7568750000000001
17,A · KNN / RF,10,base,randomforest,0.35,0.8157,0.539,0.4178,0.4707,0.8435,0.3185,0.009,0.7567999999999999
18,C · LogReg / CatBoost,17,base,lightgbm,0.35,0.8276,0.5125,0.4423,0.4748,0.8521,0.3095,0.0041,0.7566250000000001
19,B · XGBoost / AdaBoost,12,base,xgboost,0.35,0.8262,0.5125,0.4388,0.4728,0.8519,0.3098,0.0027,0.75655
20,C · LogReg / CatBoost,12,smote,catboost,0.45,0.7291,0.8316,0.3401,0.4828,0.8375,0.4139,0.1577,0.747275
21,C · LogReg / CatBoost,13,smotenc,catboost,0.45,0.7291,0.8316,0.3401,0.4828,0.8375,0.4139,0.1577,0.747275
22,C · LogReg / CatBoost,14,smotecw,catboost,0.45,0.7291,0.8316,0.3401,0.4828,0.8375,0.4139,0.1577,0.747275
23,C · LogReg / CatBoost,15,smotencw,catboost,0.45,0.7291,0.8316,0.3401,0.4828,0.8375,0.4139,0.1577,0.747275
24,C · LogReg / CatBoost,18,base,logreg,0.35,0.8335,0.4449,0.4517,0.4483,0.8486,0.3168,0.0191,0.735625
25,C · LogReg / CatBoost,7,cw,catboost,0.5,0.73,0.8479,0.3431,0.4885,0.8486,0.456,0.1877,0.73355
26,C · LogReg / CatBoost,6,cw,lightgbm,0.55,0.7428,0.8351,0.3536,0.4968,0.8522,0.4691,0.1999,0.727225
27,B · XGBoost / AdaBoost,4,smote,adaboost,0.4,0.6987,0.8791,0.3208,0.4701,0.8306,0.4663,0.2067,0.7262
28,B · XGBoost / AdaBoost,5,smotenc,adaboost,0.4,0.6987,0.8791,0.3208,0.4701,0.8306,0.4663,0.2067,0.7262
29,B · XGBoost / AdaBoost,6,smotecw,adaboost,0.4,0.6987,0.8791,0.3208,0.4701,0.8306,0.4663,0.2067,0.7262
30,B · XGBoost / AdaBoost,7,smotencw,adaboost,0.4,0.6987,0.8791,0.3208,0.4701,0.8306,0.4663,0.2067,0.7262
31,C · LogReg / CatBoost,2,smote,logreg,0.45,0.7218,0.8669,0.3381,0.4865,0.8483,0.493,0.2078,0.721975
32,C · LogReg / CatBoost,3,smotenc,logreg,0.45,0.7218,0.8669,0.3381,0.4865,0.8483,0.493,0.2078,0.721975
33,C · LogReg / CatBoost,4,smotecw,logreg,0.45,0.7218,0.8669,0.3381,0.4865,0.8483,0.493,0.2078,0.721975
34,C · LogReg / CatBoost,5,smotencw,logreg,0.45,0.7218,0.8669,0.3381,0.4865,0.8483,0.493,0.2078,0.721975
35,C · LogReg / CatBoost,1,cw,logreg,0.45,0.7177,0.8749,0.3357,0.4852,0.8484,0.495,0.2134,0.72105
36,A · KNN / RF,11,base,knn,0.35,0.8247,0.4027,0.42,0.4112,0.8232,0.3823,0.0142,0.707725
37,A · KNN / RF,12,cw,knn,0.35,0.8247,0.4027,0.42,0.4112,0.8232,0.3823,0.0142,0.707725
38,A · KNN / RF,6,smote,knn,0.45,0.6761,0.8836,0.3049,0.4534,0.8203,0.5532,0.2246,0.6954750000000001
39,A · KNN / RF,7,smotenc,knn,0.45,0.6761,0.8836,0.3049,0.4534,0.8203,0.5532,0.2246,0.6954750000000001
40,A · KNN / RF,8,smotecw,knn,0.45,0.6761,0.8836,0.3049,0.4534,0.8203,0.5532,0.2246,0.6954750000000001
41,A · KNN / RF,9,smotencw,knn,0.45,0.6761,0.8836,0.3049,0.4534,0.8203,0.5532,0.2246,0.6954750000000001
42,B · XGBoost / AdaBoost,2,cw,adaboost,0.5,0.7195,0.8645,0.3358,0.4837,0.8226,0.5745,0.234,0.693875
43,D · Naïve Bayes,1,base,naive_bayes,0.35,0.7152,0.7949,0.3227,0.459,0.8094,0.6413,0.1846,0.6710499999999999
44,D · Naïve Bayes,2,cw,naive_bayes,0.35,0.7152,0.7949,0.3227,0.459,0.8094,0.6413,0.1846,0.6710499999999999
45,D · Naïve Bayes,3,smote,naive_bayes,0.35,0.7024,0.792,0.3116,0.4473,0.7954,0.7278,0.2106,0.639
46,D · Naïve Bayes,4,smotenc,naive_bayes,0.35,0.7024,0.792,0.3116,0.4473,0.7954,0.7278,0.2106,0.639
47,D · Naïve Bayes,5,smotecw,naive_bayes,0.35,0.7024,0.792,0.3116,0.4473,0.7954,0.7278,0.2106,0.639
48,D · Naïve Bayes,6,smotencw,naive_bayes,0.35,0.7024,0.792,0.3116,0.4473,0.7954,0.7278,0.2106,0.639
