trial,balance_strategy,params,auc_mean,auc_std,logloss_mean,logloss_std,f1_mean,f1_std,stage_score,rank_within_balance_strategy,model,error,accuracy_mean,accuracy_std,precision_mean,precision_std,recall_mean,recall_std,metric_error
309,adasyn,"{'C': np.float64(0.004409857842688898), 'penalty': 'l2', 'solver': 'saga', '__balance_strategy': 'adasyn'}",0.8444512836009485,0.003095042164848355,0.49685899024749675,0.004579974674113827,0.6954491056665656,0.00423912913477843,0.6007210046759609,1,log_reg,,0.7520504466766802,0.0042950887458895505,0.5923163675442124,0.005031371257521927,0.842089126425869,0.0029854129959225695,
305,adasyn,"{'C': np.float64(0.004323023713567179), 'penalty': 'l2', 'solver': 'saga', '__balance_strategy': 'adasyn'}",0.8444518621821869,0.003095026365571571,0.4968605957083328,0.004579052750638923,0.6954400726403599,0.004251600031419507,0.6007191237091167,2,log_reg,,0.7520315491579245,0.004305614797677511,0.5922893848866088,0.005042211654747604,0.8421172321032158,0.0030025543087036427,
327,adasyn_classweights,"{'C': np.float64(0.04742150937660549), 'penalty': 'l1', 'solver': 'liblinear', '__balance_strategy': 'adasyn_classweights'}",0.8444716168047991,0.003091833716834037,0.502570852102323,0.004819038548953934,0.6959653316588641,0.003993375719093284,0.5968158476251818,1,log_reg,,0.7498393898402399,0.004156584866205274,0.5884015782176054,0.004792162980363071,0.851673963524339,0.0025534450531644187,
333,adasyn_classweights,"{'C': np.float64(0.3047144781045739), 'penalty': 'l1', 'solver': 'saga', '__balance_strategy': 'adasyn_classweights'}",0.8444018789263645,0.0030932133811026703,0.5024721641343106,0.004816175518289395,0.6958969196940995,0.003947002326501841,0.5968049178070411,2,log_reg,,0.7497921455076458,0.004098410986461068,0.5883571647852718,0.004720041385211772,0.8515615218534558,0.0025938968716128783,
14,base,"{'C': 0.009499595830678125, 'penalty': 'l1', 'solver': 'liblinear', '__balance_strategy': 'base'}",0.8458494307033696,0.0032214771179978007,0.45291220360939666,0.004061011330569821,0.6521591839032397,0.0034180757075171716,0.6263924716797665,1,log_reg,,0.7722050173874422,0.002832439594925815,0.6700524918917529,0.005491519071594832,0.6352139107981074,0.0026352114547336125,
15,base,"{'C': 0.009860811573783315, 'penalty': 'l1', 'solver': 'liblinear', '__balance_strategy': 'base'}",0.845846970013151,0.003220378055257367,0.45290831755485766,0.0040614160999470445,0.6521405352545507,0.00339298294399409,0.6263899807881714,2,log_reg,,0.7721861198686865,0.002829886180066277,0.6700133317330574,0.005503641744253387,0.6352139107981074,0.002575154744810816,
314,classweights,"{'C': np.float64(0.007448254536074485), 'penalty': 'l1', 'solver': 'saga', '__balance_strategy': 'classweights'}",0.8456646527747554,0.0032153881137200056,0.4878927382464144,0.005245711777219889,0.6960261278909989,0.004860974520713992,0.608277971544685,1,log_reg,,0.7591182767242292,0.004758185794928209,0.6044648798993294,0.005892046453757301,0.8203053966977228,0.0036476376680156363,
317,classweights,"{'C': np.float64(1.1319909882083723), 'penalty': 'l1', 'solver': 'saga', '__balance_strategy': 'classweights'}",0.8455855142483829,0.003161024498194956,0.4880111622093521,0.00523608255331544,0.6958947549198163,0.004991249724310199,0.6080991410638328,2,log_reg,,0.7591182777956385,0.004779912824402837,0.6045382373343711,0.005852055956215883,0.8197995039862279,0.0037144632764196744,
296,smote,"{'C': np.float64(0.004656859476795117), 'penalty': 'l1', 'solver': 'saga', '__balance_strategy': 'smote'}",0.845649088621279,0.0032541744612976154,0.4872176827245193,0.005326415803160945,0.6955828293152005,0.004631500846710084,0.6086648980722674,1,log_reg,,0.7596474222491226,0.0045875195706763135,0.6057150452775957,0.005780167777400998,0.8167918789050609,0.003325790270854994,
301,smote,"{'C': np.float64(0.05321826174156738), 'penalty': 'l1', 'solver': 'liblinear', '__balance_strategy': 'smote'}",0.8455599641655542,0.0031931341160327384,0.48749823753207405,0.005320908304680324,0.6956067816937944,0.0045758266867322,0.6083861402752764,2,log_reg,,0.7597419034144454,0.0044799008893166405,0.6058712203704718,0.005587151878478883,0.8165670477074082,0.003001588362680329,
321,smote_classweights,"{'C': np.float64(0.011729574118319092), 'penalty': 'l1', 'solver': 'saga', '__balance_strategy': 'smote_classweights'}",0.845636025857409,0.0032240905567774026,0.48727082603778554,0.005333474470175948,0.6954692173603098,0.004679751241817578,0.6085989562177632,1,log_reg,,0.7596757663844375,0.004592815408901893,0.6058340018861393,0.005746672723890071,0.8162578615547234,0.003102555938289845,
322,smote_classweights,"{'C': np.float64(0.03099396090158248), 'penalty': 'l1', 'solver': 'saga', '__balance_strategy': 'smote_classweights'}",0.8455727188231129,0.0031975259937820407,0.48736875308480915,0.0053210866992236166,0.6955618147896209,0.004662702875532549,0.6084825658485161,2,log_reg,,0.7597230080385082,0.004572558625760412,0.6058651804269937,0.005705803727234925,0.816454624998021,0.002959649021081013,
192,adasyn,"{'n_neighbors': 76, 'p': 1, 'weights': 'uniform', '__balance_strategy': 'adasyn'}",0.8326970295523471,0.005001714794185089,0.5280929862308539,0.006985259300829583,0.680871344898437,0.004185959823794604,0.5647728499997892,1,knn,,0.7158798956120692,0.004504259102499593,0.5469839287699414,0.004304271200749893,0.9015659209205124,0.004043239594617145,
187,adasyn,"{'n_neighbors': 82, 'p': 2, 'weights': 'distance', '__balance_strategy': 'adasyn'}",0.8303325570914694,0.004431295904270646,0.5398939234501775,0.005632217868265339,0.67854001522493,0.004157006681744294,0.5538536038075058,2,knn,,0.7122231914477241,0.004417032302344013,0.5432964737757332,0.00412945737042188,0.9034491577350909,0.004263865956570115,
216,adasyn_classweights,"{'n_neighbors': 104, 'p': 2, 'weights': 'distance', '__balance_strategy': 'adasyn_classweights'}",0.8311906389424375,0.004553821838712574,0.5460103925184763,0.005812907451585807,0.6765946703622224,0.00375733480632957,0.5501286154928702,1,knn,,0.7078955734041931,0.00411265391895514,0.5388482116346706,0.0037878584699365505,0.9093518097942005,0.00458122197548381,
217,adasyn_classweights,"{'n_neighbors': 81, 'p': 2, 'weights': 'distance', '__balance_strategy': 'adasyn_classweights'}",0.8299460737675549,0.004397173301098445,0.5476074911460658,0.005799672648337103,0.6763420742233444,0.004150570991898708,0.5477362889807889,2,knn,,0.7080845512702744,0.004142610944897655,0.539078684024921,0.0038199240924450552,0.9082555746086989,0.003798994686948483,
120,base,"{'n_neighbors': 136, 'p': 1, 'weights': 'distance', '__balance_strategy': 'base'}",0.8425827666785053,0.004378734858195646,0.45585507381893314,0.005483078387171725,0.6518702494365154,0.005447918969033043,0.6209361541100762,1,knn,,0.7694459566137956,0.004318551616484175,0.6620077223697322,0.007842132157891308,0.6420722080311226,0.0047065262094888516,
14,base,"{'n_neighbors': 124, 'p': 1, 'weights': 'uniform', '__balance_strategy': 'base'}",0.8424080235893863,0.004439718113120928,0.45645449122515225,0.005426959135524525,0.6546976477386467,0.006144417362218598,0.6207640018042102,2,knn,,0.7694837596868774,0.004721611532796016,0.6594560910896607,0.008063767607336179,0.6500270296124526,0.0049373281840572845,
198,classweights,"{'n_neighbors': 107, 'p': 1, 'weights': 'uniform', '__balance_strategy': 'classweights'}",0.8408204178650408,0.0038750519739859527,0.4887213528557636,0.006488127332757896,0.6915141526144942,0.005395386597396675,0.602119078612826,1,knn,,0.7446897543732484,0.005209727619866272,0.5825358675020497,0.0055441552355426785,0.848947764965811,0.006827384029856093,
199,classweights,"{'n_neighbors': 98, 'p': 2, 'weights': 'distance', '__balance_strategy': 'classweights'}",0.8374123010798984,0.004267368569420729,0.49416877457441694,0.005760715622262219,0.6884748290059407,0.005007749563406937,0.5944368004877814,2,knn,,0.7446708579259019,0.005107393838534455,0.5836269057173343,0.005696558404873199,0.8393626908486417,0.005168633327220347,
183,smote,"{'n_neighbors': 102, 'p': 1, 'weights': 'distance', '__balance_strategy': 'smote'}",0.8383466617890877,0.004475390168349041,0.5094101064711557,0.0076056060000023835,0.6890342809945497,0.004239362095122746,0.5847388477800436,1,knn,,0.7348628410524555,0.004288978996305782,0.5687876443764536,0.0044494748822739285,0.8737669931741459,0.00369161954675363,
178,smote,"{'n_neighbors': 109, 'p': 1, 'weights': 'uniform', '__balance_strategy': 'smote'}",0.8386423706478682,0.004493807386271601,0.5120546248978941,0.007386426587575321,0.6874977859461803,0.004519347333485192,0.5829563822102043,2,knn,,0.7316124024704874,0.00474936112330092,0.5648699333433526,0.004907205231943031,0.878151848589421,0.0035438299678406675,
208,smote_classweights,"{'n_neighbors': 103, 'p': 1, 'weights': 'distance', '__balance_strategy': 'smote_classweights'}",0.8384149589533779,0.00447427490099171,0.5093357225751849,0.007604121572103372,0.6891360746290583,0.004442481049723365,0.5848745681686156,1,knn,,0.7349195373586558,0.004499000661300274,0.568832678569252,0.004676570531649506,0.8739918528140423,0.004072371896891747,
209,smote_classweights,"{'n_neighbors': 117, 'p': 2, 'weights': 'distance', '__balance_strategy': 'smote_classweights'}",0.8357465382937578,0.004480318439494954,0.5220196330382385,0.006653966877741346,0.6852711658381155,0.004456634602398904,0.5727663747831786,2,knn,,0.7293919166957431,0.004486164395965813,0.5626200991209878,0.004552778605663944,0.8763248468314059,0.0046625363313100455,
28,adasyn,"{'var_smoothing': np.float64(1.8333377815653434e-08), '__balance_strategy': 'adasyn'}",0.8148377064950068,0.006019001138692277,1.1108556406540524,0.04819597871631278,0.6762448680764096,0.004848451505982463,0.1374106186173707,1,naive_bayes,,0.7353447701013988,0.00501570715278912,0.5743454421615501,0.005796700921318723,0.8221602955566293,0.005913741255367494,
23,adasyn,"{'var_smoothing': np.float64(9.756754103590092e-09), '__balance_strategy': 'adasyn'}",0.8148377064950068,0.006019001138692277,1.1108556527728322,0.04819597924662158,0.6762448680764096,0.004848451505982463,0.1374106101236187,2,naive_bayes,,0.7353447701013988,0.00501570715278912,0.5743454421615501,0.005796700921318723,0.8221602955566293,0.005913741255367494,
50,adasyn_classweights,"{'var_smoothing': np.float64(1.9273221045217666e-07), '__balance_strategy': 'adasyn_classweights'}",0.814837354825392,0.006019827526563551,1.1173891319165936,0.04842682277316928,0.6762372515349354,0.004935287390077766,0.13283102238222522,1,naive_bayes,,0.7347022480352458,0.005104682077312922,0.5733801844400448,0.005869786824440765,0.8241278446628746,0.006214847217634976,
48,adasyn_classweights,"{'var_smoothing': np.float64(6.282020769157968e-08), '__balance_strategy': 'adasyn_classweights'}",0.8148373476239427,0.0060198240815890255,1.1173893153361736,0.04842683076131344,0.6762372515349354,0.004935287390077766,0.13283088679955574,2,naive_bayes,,0.7347022480352458,0.005104682077312922,0.5733801844400448,0.005869786824440765,0.8241278446628746,0.006214847217634976,
2,base,"{'var_smoothing': 1e-06, '__balance_strategy': 'base'}",0.8156844721595271,0.005606806078654487,1.1112451169055133,0.04476838492949295,0.6729998063371695,0.005316434951913334,0.13758715327372065,1,naive_bayes,,0.7473827161519205,0.004743460118093442,0.5958101590352776,0.0064690327606854265,0.7733083951738821,0.010156883470360274,
1,base,"{'var_smoothing': np.float64(6.515465231476855e-07), '__balance_strategy': 'base'}",0.8156844625565148,0.00560679691371877,1.1112456855347952,0.044768405654686885,0.6729998063371695,0.005316434951913334,0.13758674567395396,2,naive_bayes,,0.7473827161519205,0.004743460118093442,0.5958101590352776,0.0064690327606854265,0.7733083951738821,0.010156883470360274,
35,classweights,"{'var_smoothing': np.float64(9.179428448814353e-07), '__balance_strategy': 'classweights'}",0.8156646764477661,0.005601401683055781,1.1851238976693113,0.04770149924978494,0.677001600042917,0.006222036893375599,0.08639408801653725,1,naive_bayes,,0.7411369624553488,0.005681278623598578,0.583133523766384,0.0067387435489290335,0.8069819356672471,0.009300999597103489,
37,classweights,"{'var_smoothing': np.float64(1.0207624721804925e-07), '__balance_strategy': 'classweights'}",0.8156645480258975,0.005601381617536384,1.185125258421837,0.047701549320571246,0.677001600042917,0.006222036893375599,0.0863930070697609,2,naive_bayes,,0.7411369624553488,0.005681278623598578,0.583133523766384,0.0067387435489290335,0.8069819356672471,0.009300999597103489,
20,smote,"{'var_smoothing': np.float64(8.768104707983427e-07), '__balance_strategy': 'smote'}",0.8079947952810299,0.006062499888717688,1.3155787128406895,0.058188352254360566,0.6722354099801205,0.0048514106496368925,-0.013541884249957717,1,naive_bayes,,0.7350234871044298,0.005175617007671776,0.5754305021487486,0.006088869220771553,0.8082469139454312,0.004177234363633288,
21,smote,"{'var_smoothing': np.float64(6.112632050062953e-09), '__balance_strategy': 'smote'}",0.8079947616737413,0.006062497559678415,1.31558026749709,0.05818840303920765,0.6722354099801205,0.0048514106496368925,-0.013543007015971623,2,naive_bayes,,0.7350234871044298,0.005175617007671776,0.5754305021487486,0.006088869220771553,0.8082469139454312,0.004177234363633288,
40,smote_classweights,"{'var_smoothing': np.float64(2.8925561129156076e-07), '__balance_strategy': 'smote_classweights'}",0.8079947664742329,0.006062492885012576,1.3155797619365017,0.05818838652415428,0.6722354099801205,0.0048514106496368925,-0.013542647759033882,1,naive_bayes,,0.7350234871044298,0.005175617007671776,0.5754305021487486,0.006088869220771553,0.8082469139454312,0.004177234363633288,
38,smote_classweights,"{'var_smoothing': np.float64(1.5219483408507128e-07), '__balance_strategy': 'smote_classweights'}",0.807994768874786,0.006062488737888504,1.3155800066626238,0.058188394518426674,0.6722354099801205,0.0048514106496368925,-0.013542816619295373,2,naive_bayes,,0.7350234871044298,0.005175617007671776,0.5754305021487486,0.006088869220771553,0.8082469139454312,0.004177234363633288,
307,adasyn,"{'max_depth': 20, 'max_features': 0.5, 'min_samples_leaf': 13, 'min_samples_split': 26, '__balance_strategy': 'adasyn'}",0.8438660536101653,0.0038314710467906824,0.4628496248397132,0.004764214076940625,0.6915752316027964,0.003880537085155783,0.6233207431289072,1,random_forest,,0.7607812524819867,0.003993706356086647,0.6103586111190479,0.005455579439005777,0.7977625671817652,0.0033742275875849933,
310,adasyn,"{'max_depth': 12, 'max_features': 0.5, 'min_samples_leaf': 1, 'min_samples_split': 10, '__balance_strategy': 'adasyn'}",0.8453364134790239,0.0038796603856507948,0.4661831974526495,0.005000973546480006,0.6950740701624997,0.004517452897034927,0.622975283296332,2,random_forest,,0.7546772676754118,0.0044931312834543,0.5970201624203272,0.005397703088444309,0.831689200982471,0.0032649639401144573,
330,adasyn_classweights,"{'max_depth': 12, 'max_features': 0.7, 'min_samples_leaf': 4, 'min_samples_split': 19, '__balance_strategy': 'adasyn_classweights'}",0.8451385246154298,0.0037961043222196037,0.4674477351418791,0.00489854360273971,0.6951733733409681,0.004716045666017604,0.6219133399290938,1,random_forest,,0.7541481200076997,0.004586177612410362,0.5960456094204182,0.005468409112388769,0.8338816381708566,0.004622031124112822,
329,adasyn_classweights,"{'max_depth': None, 'max_features': 0.7, 'min_samples_leaf': 9, 'min_samples_split': 16, '__balance_strategy': 'adasyn_classweights'}",0.8420825359850884,0.00395763053635958,0.46410233649391786,0.005138456398648696,0.6890058472984472,0.0033057904987401875,0.6202611268793221,2,random_forest,,0.7617356077143217,0.0032133495110204646,0.6138798482950744,0.0044545925953094955,0.7851139505319221,0.0038393429591608843,
156,base,"{'max_depth': 9, 'max_features': 0.5388091141240144, 'min_samples_leaf': 3, 'min_samples_split': 25, '__balance_strategy': 'base'}",0.8499886142565929,0.003139867988707956,0.4447227934544402,0.004017393918279873,0.6714990888733409,0.00370015656189956,0.639170180891685,1,random_forest,,0.7760507487027005,0.0026545487244889793,0.6623826070696189,0.004343278553833138,0.680889457228127,0.00462036222116815,
246,base,"{'max_depth': 11, 'max_features': 0.36023049130450463, 'min_samples_leaf': 15, 'min_samples_split': 15, '__balance_strategy': 'base'}",0.8500068130826971,0.003351030815825831,0.4446933499439339,0.004258337974758491,0.6711572347718692,0.003664958984355527,0.6391423350374373,2,random_forest,,0.7759468134209532,0.0029885518232591634,0.6624360535588697,0.005191908209908078,0.680130518613031,0.003456508853906389,
312,classweights,"{'max_depth': None, 'max_features': 0.5, 'min_samples_leaf': 12, 'min_samples_split': 8, '__balance_strategy': 'classweights'}",0.8474388491615429,0.0036692770971722736,0.4627137898759622,0.004802808539422941,0.6941958273977965,0.004039422799080006,0.6273890503323918,1,random_forest,,0.7639750258286268,0.004091715761821488,0.6149876675947227,0.005606602635129997,0.796863142843301,0.003510372442108996,
313,classweights,"{'max_depth': 20, 'max_features': 'sqrt', 'min_samples_leaf': 3, 'min_samples_split': 10, '__balance_strategy': 'classweights'}",0.8450958141464421,0.0038331359403398855,0.45867390847256856,0.005036158935908823,0.6881068547612491,0.004567597769776594,0.6269477264540964,2,random_forest,,0.7675561800958008,0.004137402802771948,0.6268167618725561,0.005879737616639607,0.7627120475941133,0.004210523469527734,
302,smote,"{'max_depth': 12, 'max_features': 0.7, 'min_samples_leaf': 7, 'min_samples_split': 3, '__balance_strategy': 'smote'}",0.8459160231820898,0.0034822222574169568,0.46274571136234655,0.004820578719235702,0.6948927304234337,0.0028932099511345764,0.6259574121047067,1,random_forest,,0.7604505400110089,0.002918814627150241,0.6076205537916978,0.0037610353216373806,0.8114512645469043,0.001661491596439924,
301,smote,"{'max_depth': None, 'max_features': 0.3, 'min_samples_leaf': 12, 'min_samples_split': 19, '__balance_strategy': 'smote'}",0.8450670663972382,0.004136752050776593,0.46156806407595535,0.005392546301409079,0.692305025420525,0.004650913353612573,0.6255004868285812,2,random_forest,,0.763587639015341,0.004427370587274422,0.6154597737098287,0.005872390967688027,0.7911011850840151,0.003162866548805419,
321,smote_classweights,"{'max_depth': 16, 'max_features': 0.5, 'min_samples_leaf': 5, 'min_samples_split': 3, '__balance_strategy': 'smote_classweights'}",0.8443132376829139,0.003960993679591664,0.4618964483074133,0.005363899883032855,0.6923245506632146,0.0033294785474342354,0.6245290787855666,1,random_forest,,0.7636821046452277,0.003374527797769535,0.6156243228653063,0.004605194952174063,0.790876183232899,0.0018178222105783568,
323,smote_classweights,"{'max_depth': 16, 'max_features': 0.3, 'min_samples_leaf': 4, 'min_samples_split': 17, '__balance_strategy': 'smote_classweights'}",0.8445944889538133,0.0036626554067997,0.46310378539816127,0.005013386906141467,0.6929191931736559,0.00412077981303396,0.624076317642686,2,random_forest,,0.762945083735497,0.003730335941518856,0.6137390100661918,0.004779305071222286,0.7955703575313308,0.0036135443475912156,
308,adasyn,"{'colsample_bytree': np.float64(0.8722509963750862), 'gamma': np.float64(2.694105254678789), 'learning_rate': np.float64(0.06082721491410968), 'max_depth': 7, 'min_child_weight': 4, 'reg_lambda': np.float64(0.009655567957575203), 'subsample': np.float64(0.9368152013184301), '__balance_strategy': 'adasyn'}",0.8491134774569096,0.003179785838771066,0.44930454347573145,0.003930309862500694,0.688659268128657,0.0048445431098952906,0.6376615917540075,1,xgboost,,0.7714018674832744,0.003739372111208736,0.6351212642277514,0.004910226575236541,0.7520592279390815,0.004981925097467898,
305,adasyn,"{'colsample_bytree': np.float64(0.7169170343349744), 'gamma': np.float64(1.994652679870211), 'learning_rate': np.float64(0.15403082131507395), 'max_depth': 5, 'min_child_weight': 9, 'reg_lambda': np.float64(0.09797817822208854), 'subsample': np.float64(0.8785220855455338), '__balance_strategy': 'adasyn'}",0.8486971500117301,0.003023592286442633,0.44790681945303773,0.0038529293894021474,0.6837033241732048,0.003837831413492509,0.6374896368184741,2,xgboost,,0.7737168703155558,0.003210461782727159,0.6448951315240333,0.004826026464633512,0.7274926095199414,0.00319984857644902,
334,adasyn_classweights,"{'colsample_bytree': np.float64(0.934765720282096), 'gamma': np.float64(0.5978392297919367), 'learning_rate': np.float64(0.1011067723553784), 'max_depth': 5, 'min_child_weight': 3, 'reg_lambda': np.float64(0.007804884053566514), 'subsample': np.float64(0.7106386166075344), '__balance_strategy': 'adasyn_classweights'}",0.8491069727502071,0.0031104715129485695,0.45060806170527407,0.0038118828901342267,0.6916960252593435,0.004757204676916159,0.6372039721119667,1,xgboost,,0.7709483211403838,0.0039238868764272464,0.631685393623108,0.005251989186937826,0.7643143082215814,0.0043419412908001125,
332,adasyn_classweights,"{'colsample_bytree': np.float64(0.8085011789049426), 'gamma': np.float64(0.6886404315809816), 'learning_rate': np.float64(0.1374159959186408), 'max_depth': 4, 'min_child_weight': 11, 'reg_lambda': np.float64(8.941983067693167), 'subsample': np.float64(0.8958259627654324), '__balance_strategy': 'adasyn_classweights'}",0.849217734177181,0.0030094367864118366,0.4506166908893041,0.00387816230647822,0.6906599548298278,0.004052013387900469,0.6371570086936923,2,xgboost,,0.7710900439597771,0.0037402002658689054,0.6328428105106149,0.005461078646112081,0.7601260977402542,0.0030024239677111254,
49,base,"{'colsample_bytree': 0.8196366132343432, 'gamma': 0.9443535080039611, 'learning_rate': 0.1219120687714584, 'max_depth': 4, 'min_child_weight': 3, 'reg_lambda': 0.008769768098331663, 'subsample': 0.8249147130554549, '__balance_strategy': 'base'}",0.8515529637170441,0.0027083618188396474,0.44247111841457093,0.003654471772847023,0.6719047370179201,0.004087339262474482,0.6424003838531337,1,xgboost,,0.7764664860797575,0.002842348295529898,0.6631954285583233,0.004919729711008717,0.6808893719013952,0.006191347987236669,
108,base,"{'colsample_bytree': 0.7163700117138441, 'gamma': 1.773444122640711, 'learning_rate': 0.11829732745654534, 'max_depth': 4, 'min_child_weight': 2, 'reg_lambda': 0.01208092619163048, 'subsample': 0.9651504321266501, '__balance_strategy': 'base'}",0.8514630371684633,0.00295557709702529,0.4425232760334628,0.0039041508519049796,0.6726966768854351,0.00399849068630725,0.6423753836059652,2,xgboost,,0.7769294838605493,0.0031322111917856475,0.6637698494852264,0.005559192221558229,0.6819012758337347,0.00484146238343321,
319,classweights,"{'colsample_bytree': np.float64(0.9449080677680503), 'gamma': np.float64(0.32993815394311254), 'learning_rate': np.float64(0.10506492740498463), 'max_depth': 4, 'min_child_weight': 10, 'reg_lambda': np.float64(0.005034561917116735), 'subsample': np.float64(0.9227930841566909), '__balance_strategy': 'classweights'}",0.8517696701190595,0.00278991432404097,0.47526198128999814,0.004473127099258671,0.701467929686276,0.0037516421750331524,0.6240775144108149,1,xgboost,,0.7554615232750521,0.0037904743416958503,0.5948877014011484,0.004437151421787232,0.854597167285238,0.003575458726845615,
317,classweights,"{'colsample_bytree': np.float64(0.5791124224303423), 'gamma': np.float64(0.20485636963974174), 'learning_rate': np.float64(0.09112118385128677), 'max_depth': 8, 'min_child_weight': 2, 'reg_lambda': np.float64(0.04465867147294384), 'subsample': np.float64(0.9176772918225168), '__balance_strategy': 'classweights'}",0.8481809141591827,0.0033420837615087805,0.4721070082281367,0.005269631481938085,0.69872619351311,0.003552983863798116,0.6222424406087393,2,xgboost,,0.7602332447948473,0.00365809566914772,0.6048962495802249,0.004732033657613922,0.8270512712213507,0.004353153326924694,
302,smote,"{'colsample_bytree': np.float64(0.5764932106491869), 'gamma': np.float64(1.9164142923881355), 'learning_rate': np.float64(0.13280763892604136), 'max_depth': 5, 'min_child_weight': 2, 'reg_lambda': np.float64(3.692501184841347), 'subsample': np.float64(0.7029303364863404), '__balance_strategy': 'smote'}",0.8495449134562789,0.00312896257951989,0.44719679629038406,0.004266043779419833,0.6841740052693458,0.0036608870992138544,0.6388914878388476,1,xgboost,,0.7737735468006823,0.0031214677942601743,0.6446362924509541,0.004826383590868231,0.7288978744257867,0.0035777873101278984,
301,smote,"{'colsample_bytree': np.float64(0.8440433943272485), 'gamma': np.float64(2.7013677259819504), 'learning_rate': np.float64(0.24089441805708556), 'max_depth': 3, 'min_child_weight': 4, 'reg_lambda': np.float64(2.5852061195216733), 'subsample': np.float64(0.953968353832068), '__balance_strategy': 'smote'}",0.8495228217394432,0.003144300793478379,0.44732824017409806,0.0042572826417871905,0.6845117874698108,0.004641136316679213,0.6388274610455364,2,xgboost,,0.7737735510863198,0.00437734353785073,0.6444007271530948,0.007138128906855012,0.7299941048709143,0.0034937128975809596,
324,smote_classweights,"{'colsample_bytree': np.float64(0.6411876855168499), 'gamma': np.float64(0.539571626566239), 'learning_rate': np.float64(0.07832299515746706), 'max_depth': 6, 'min_child_weight': 1, 'reg_lambda': np.float64(0.002902209691312049), 'subsample': np.float64(0.7734482836280014), '__balance_strategy': 'smote_classweights'}",0.8493280888113176,0.0027518671994123554,0.44811043547428403,0.0037265008970607887,0.6868754872576477,0.00407277951443804,0.638469983690054,1,xgboost,,0.773688499930711,0.0037060525147043773,0.6421283689489053,0.005673569042613212,0.7383422732046284,0.002037685670314638,
325,smote_classweights,"{'colsample_bytree': np.float64(0.7815282996093482), 'gamma': np.float64(2.1845923437298262), 'learning_rate': np.float64(0.1388642091418914), 'max_depth': 5, 'min_child_weight': 7, 'reg_lambda': np.float64(15.384027221431806), 'subsample': np.float64(0.6614304810481888), '__balance_strategy': 'smote_classweights'}",0.8489828857697536,0.002905112200766996,0.4482024604220005,0.003980773710611337,0.6853644161524887,0.002487979563894238,0.637820954812976,2,xgboost,,0.7740759135292312,0.0029669839139205363,0.6444082850792773,0.005446850514113901,0.731933472453829,0.0032879661377670354,
309,adasyn,"{'depth': 7, 'l2_leaf_reg': np.float64(1.4089102255644474), 'learning_rate': np.float64(0.08118753042544696), 'random_strength': np.float64(1.6734037985266543), '__balance_strategy': 'adasyn'}",0.8502912668785102,0.0031520129319508056,0.446353005635529,0.004000664613370201,0.68548479604291,0.004720458948799795,0.6404292684012115,1,catboost,,0.7747089954072816,0.0037562720764204994,0.6458570150332297,0.005446955283144609,0.7303035375230466,0.004299777008708373,
307,adasyn,"{'depth': 7, 'l2_leaf_reg': np.float64(2.078221996033666), 'learning_rate': np.float64(0.15347693779851668), 'random_strength': np.float64(1.4210808295018795), '__balance_strategy': 'adasyn'}",0.8501868396836897,0.002902151392583223,0.4456565833712793,0.00360723287658503,0.6818455566202788,0.00372685695758052,0.6402868125896751,2,catboost,,0.7753042586768139,0.0026104140132759577,0.6506054635954469,0.0036864260009550967,0.7162493668045452,0.004786232669758143,
333,adasyn_classweights,"{'depth': 5, 'l2_leaf_reg': np.float64(12.28160820672969), 'learning_rate': np.float64(0.16081855797854583), 'random_strength': np.float64(0.3971224677856682), '__balance_strategy': 'adasyn_classweights'}",0.8503503678461447,0.002992811172417987,0.4467111272790205,0.003783828077085174,0.6865049545977365,0.003654232060174089,0.6404030048203283,1,catboost,,0.7745483606051057,0.0032759801673589565,0.644590586999504,0.00544075284458855,0.7342947475423768,0.004760347464634258,
337,adasyn_classweights,"{'depth': 5, 'l2_leaf_reg': np.float64(9.996416327665841), 'learning_rate': np.float64(0.18178530559437553), 'random_strength': np.float64(1.5431725564503753), '__balance_strategy': 'adasyn_classweights'}",0.8502950024945521,0.0028637201932932427,0.4464794293282923,0.0036016634769615997,0.68494607474182,0.0039871468130645085,0.6402860938968167,2,catboost,,0.7741042571288416,0.0029417934364573263,0.6447820311117911,0.0043928492950172935,0.7305004052545719,0.005978960012538798,
33,base,"{'depth': 6, 'l2_leaf_reg': 7.533217761585923, 'learning_rate': 0.0729869646899148, 'random_strength': 0.1379201243729711, '__balance_strategy': 'base'}",0.8517954470282186,0.002828750237125247,0.4427417368278805,0.003812047928330875,0.6732700546781191,0.0033211166607024518,0.6426490609799973,1,catboost,,0.7771940587658149,0.0028905113475436914,0.6638231121853703,0.00539554073828701,0.6833347838877722,0.0028012046438288226,
39,base,"{'depth': 6, 'l2_leaf_reg': 8.184654521840187, 'learning_rate': 0.09501644902056357, 'random_strength': 0.07272221221740943, '__balance_strategy': 'base'}",0.8517521347470375,0.002877178289630036,0.4426062828452622,0.00381481840133422,0.6729182609092647,0.004055370126346081,0.6426453206092354,2,catboost,,0.7771468181831537,0.0031587969255051046,0.6644642337104725,0.005317424839898022,0.6810018846778884,0.004771370432425553,
321,classweights,"{'depth': 10, 'l2_leaf_reg': np.float64(12.131662528106617), 'learning_rate': np.float64(0.059190003339518564), 'random_strength': np.float64(0.22183608067809546), '__balance_strategy': 'classweights'}",0.8515741974004903,0.002860926686969129,0.47400702839843206,0.0046374827630270765,0.7019475745978211,0.004259336618245102,0.624825617721652,1,catboost,,0.7565481493531742,0.004723036720699648,0.5966144019970178,0.005668218057489739,0.8518987994623658,0.004190834313801033,
320,classweights,"{'depth': 7, 'l2_leaf_reg': np.float64(3.507890165485267), 'learning_rate': np.float64(0.05746548104965386), 'random_strength': np.float64(0.12938854413485457), '__balance_strategy': 'classweights'}",0.8520809301227895,0.0029622832787054355,0.4754003672042821,0.004768440979937488,0.7017042615693206,0.0041117399265432055,0.624312829331656,2,catboost,,0.7554048248260332,0.004139071089422641,0.5945444158194307,0.004762315965237632,0.8566772007257324,0.003093333571079915,
236,smote,"{'depth': 8, 'l2_leaf_reg': 4.349620319305091, 'learning_rate': 0.13867811186485277, 'random_strength': 0.0065127633823215125, '__balance_strategy': 'smote'}",0.8508191283520917,0.0027808759138580274,0.44482978896406106,0.003726732489449358,0.6822267286225266,0.0043130522586266335,0.641558706925146,1,catboost,,0.7753326017407193,0.0028205654201848003,0.6503223622986115,0.0035543038729912396,0.7174301275985426,0.005611588198316356,
246,smote,"{'depth': 7, 'l2_leaf_reg': 3.5091160061848914, 'learning_rate': 0.1422133303020853, 'random_strength': 0.008411297330475744, '__balance_strategy': 'smote'}",0.8506091242201009,0.0027353797636916104,0.44496611856697976,0.0037471487343928144,0.683254006513467,0.0037957263456374147,0.6414092302373628,2,catboost,,0.7761735750747475,0.0031451063053464057,0.6516455836858855,0.004978772242360094,0.7181045406051428,0.0037635733419307633,
322,smote_classweights,"{'depth': 6, 'l2_leaf_reg': np.float64(1.5380697969094144), 'learning_rate': np.float64(0.21168717228932402), 'random_strength': np.float64(0.41479830904149373), '__balance_strategy': 'smote_classweights'}",0.8507327061398796,0.003106246150311419,0.4445392402390958,0.004092081794544447,0.6799829537152068,0.004276842059877217,0.6413155270863871,1,catboost,,0.7749735429916077,0.0032877433260993364,0.6514354679352955,0.004985659149746944,0.7111620448494368,0.004481067792184825,
324,smote_classweights,"{'depth': 7, 'l2_leaf_reg': np.float64(1.6211422705331282), 'learning_rate': np.float64(0.12481850932041588), 'random_strength': np.float64(0.38535213375482913), '__balance_strategy': 'smote_classweights'}",0.8505014169022155,0.002975223660044264,0.44505748424487707,0.004042595315444533,0.6823731013523906,0.002629122970593754,0.641087530044349,2,catboost,,0.7752475902272575,0.002838409289675718,0.6500292981869801,0.0050537978345908015,0.7181324898501482,0.0013985045095253308,
309,adasyn,"{'learning_rate': np.float64(0.35185892211368686), '__balance_strategy': 'adasyn'}",0.8326099501940923,0.0033788812261722288,0.5408001558079876,0.004214011185961204,0.6853832319076196,0.005127267106352205,0.5566041016296162,1,adaboost,,0.7309226232148277,0.004884364629635196,0.5646414107018154,0.004907775973019919,0.8718276540334752,0.005947204172880946,
305,adasyn,"{'learning_rate': np.float64(0.5292974401532536), '__balance_strategy': 'adasyn'}",0.8317624163850247,0.0038115063291647207,0.5719950704767528,0.003386735016802038,0.6869923266099605,0.0058045512589707795,0.5341564060259975,2,adaboost,,0.7386045942295909,0.0057776528639753,0.5749804451864862,0.0063416982779378895,0.853248270166428,0.005937564424203944,
331,adasyn_classweights,"{'learning_rate': np.float64(0.1538397634916915), '__balance_strategy': 'adasyn_classweights'}",0.8332688451246085,0.0037820587356888016,0.5269467974619331,0.0028214221270998195,0.6817339118277467,0.003760126627454516,0.5664206422960909,1,adaboost,,0.7187524036399952,0.0037944218219653093,0.5501650941234302,0.003619890454778605,0.8960285857824238,0.0049706275254272365,
329,adasyn_classweights,"{'learning_rate': np.float64(0.11074937416034479), '__balance_strategy': 'adasyn_classweights'}",0.8323670925117678,0.0039015609491159856,0.5274516506354548,0.0037382334861383684,0.6777934521690093,0.004048273585542762,0.5645501121751222,2,adaboost,,0.7103995203531602,0.004441004309513965,0.5414017883424128,0.004137049152991851,0.9060631374203131,0.003473134171836896,
236,base,"{'learning_rate': 0.16465721447150078, '__balance_strategy': 'base'}",0.8440209412836145,0.0027863407331523925,0.49630785378126996,0.0017985834330180824,0.6608607806416714,0.00513994090893855,0.5955592720276582,1,adaboost,,0.7703908175518536,0.0029986832750909824,0.6563120389387495,0.004823863349877987,0.6655424158709238,0.00871127329716942,
245,base,"{'learning_rate': 0.16946841870578586, '__balance_strategy': 'base'}",0.8440838659364188,0.002871921339359914,0.4966082114192642,0.0018340002799652807,0.6609739157019892,0.0013895188921958423,0.5954239292256649,2,adaboost,,0.7703341287455189,0.002078148668968012,0.6561283176887627,0.005596397436807761,0.6659916563729446,0.006164324178896156,
289,classweights,"{'learning_rate': 0.16079115348733605, '__balance_strategy': 'classweights'}",0.8442495418908509,0.002931409354707401,0.5087812466156867,0.0023869240159790812,0.6914233831313775,0.004101352869708293,0.5916218677815219,1,adaboost,,0.7408251367890327,0.004320819110220365,0.5764520014292717,0.004712896976242345,0.8637042220899341,0.0031987780829301695,
267,classweights,"{'learning_rate': 0.20221897158331956, '__balance_strategy': 'classweights'}",0.8449640491150784,0.0030120693392404387,0.5108593619351198,0.002723202276025601,0.692656983794392,0.004957443796582872,0.5910559758171708,2,adaboost,,0.7422802510902754,0.004083240277989236,0.5780725282561152,0.004027605630586927,0.8639012841767929,0.006697870451583702,
298,smote,"{'learning_rate': np.float64(0.14898787135826913), '__balance_strategy': 'smote'}",0.8398290061048153,0.0034349087960376234,0.5124544664772704,0.003211189616498198,0.6893941203798879,0.0046273965455931425,0.5842840283955772,1,adaboost,,0.73721561856547,0.004557082441532516,0.5719860784432136,0.0047880854887113345,0.8674708995551729,0.004838106949521553,
301,smote,"{'learning_rate': np.float64(0.11135125022353687), '__balance_strategy': 'smote'}",0.838970712684715,0.0037105990526885417,0.5111308852955913,0.003705978944764533,0.6870286990472875,0.005756078333269034,0.5839737483033646,2,adaboost,,0.7316785459289514,0.006347691862623601,0.5651579779518272,0.006675635432958237,0.8759594588047754,0.0038624508223021885,
321,smote_classweights,"{'learning_rate': np.float64(0.36985004753767986), '__balance_strategy': 'smote_classweights'}",0.8385859070865919,0.00330813184777635,0.5360184639606375,0.004326603904373991,0.6888502540130027,0.005786937157461123,0.5664485817456197,1,adaboost,,0.7429700233817741,0.005740655392201995,0.5808164763312155,0.006380257992003706,0.8462773226860741,0.003987693363742973,
324,smote_classweights,"{'learning_rate': np.float64(0.4424538159679194), '__balance_strategy': 'smote_classweights'}",0.837924434620014,0.003428998863285899,0.5483834073247834,0.004908756615787657,0.6892599015343611,0.005340540935289051,0.5571754096473397,2,adaboost,,0.746088180403861,0.005314381036359598,0.5855592252025513,0.006061537238753029,0.8376201246320166,0.003933111779461995,
307,adasyn,"{'bagging_fraction': np.float64(0.9368152013184301), 'feature_fraction': np.float64(0.8143115182993296), 'learning_rate': np.float64(0.11225137638350244), 'min_child_samples': 48, 'min_split_gain': np.float64(1.0584216185998827), 'num_leaves': 70, 'reg_lambda': np.float64(0.004592339147319638), '__balance_strategy': 'adasyn'}",0.8498481929941392,0.003027389924739919,0.44596569945387704,0.004105509311564322,0.6821460377705657,0.0038802094200137364,0.6397606293595418,1,lightgbm,,0.7743215871658081,0.003317351489596779,0.6478190288554996,0.00543821777287786,0.7203530706388724,0.00475280991559543,
303,adasyn,"{'bagging_fraction': np.float64(0.7169170343349744), 'feature_fraction': np.float64(0.8491979019805318), 'learning_rate': np.float64(0.15403082131507395), 'min_child_samples': 47, 'min_split_gain': np.float64(1.2904232991209432), 'num_leaves': 84, 'reg_lambda': np.float64(0.1640767561520877), '__balance_strategy': 'adasyn'}",0.8488464389052172,0.0026932893920955407,0.4475721038327853,0.0035840900027594626,0.681624461479983,0.004441123204603068,0.6375832891746049,2,lightgbm,,0.7734239544892035,0.003208541795239485,0.6459349776785244,0.004501169938915587,0.7215057020536534,0.005571478403952137,
332,adasyn_classweights,"{'bagging_fraction': np.float64(0.934765720282096), 'feature_fraction': np.float64(0.6396758844687905), 'learning_rate': np.float64(0.1011067723553784), 'min_child_samples': 79, 'min_split_gain': np.float64(0.0681710600776636), 'num_leaves': 45, 'reg_lambda': np.float64(0.039647794414853804), '__balance_strategy': 'adasyn_classweights'}",0.8503063131606989,0.002888470721934083,0.44627056334541093,0.003830109698401023,0.6852444696512822,0.0037046523810735353,0.6404825635365388,1,lightgbm,,0.7742648940738359,0.0033844477414189584,0.6449699320241674,0.005504253887188233,0.7309216775500912,0.004080230947054156,
330,adasyn_classweights,"{'bagging_fraction': np.float64(0.8085011789049426), 'feature_fraction': np.float64(0.6532960647371473), 'learning_rate': np.float64(0.1374159959186408), 'min_child_samples': 62, 'min_split_gain': np.float64(0.4932983020236746), 'num_leaves': 49, 'reg_lambda': np.float64(2.7585271514358727), '__balance_strategy': 'adasyn_classweights'}",0.8500477529045756,0.0027074919593500944,0.4465103837287648,0.003763260168548512,0.6845352004445736,0.0038688342497479582,0.6399601245597878,2,lightgbm,,0.7745294721933297,0.003657576903279083,0.6462436670782804,0.006128494591263491,0.7277735098610681,0.00374119153528452,
18,base,"{'bagging_fraction': 0.5315013715586109, 'feature_fraction': 0.8322440110749109, 'learning_rate': 0.13634869019604123, 'min_child_samples': 24, 'min_split_gain': 0.2320418413477981, 'num_leaves': 24, 'reg_lambda': 7.427237240131544, '__balance_strategy': 'base'}",0.8519439957556343,0.0029160243806255243,0.442057463142072,0.0038266696629148163,0.6726601272861686,0.004014130122601023,0.6431804560368196,1,lightgbm,,0.7773074508425105,0.0029419570297809644,0.6648894442906318,0.004753792945810044,0.6806084478583986,0.004259557331539565,
195,base,"{'bagging_fraction': 0.6119120988195819, 'feature_fraction': 0.7680171374179768, 'learning_rate': 0.06204434106627703, 'min_child_samples': 64, 'min_split_gain': 0.34023449159754854, 'num_leaves': 23, 'reg_lambda': 0.6629425345928486, '__balance_strategy': 'base'}",0.8518898654617811,0.002824173306804556,0.44217778514284173,0.0037245432747851164,0.6730210740725201,0.003620261029235933,0.643102877441834,2,lightgbm,,0.7774491731261993,0.0028908134128749832,0.6649486689052284,0.005041191386410082,0.6813110423883293,0.0036002017225161102,
315,classweights,"{'bagging_fraction': np.float64(0.654481315416495), 'feature_fraction': np.float64(0.6196904087745579), 'learning_rate': np.float64(0.07133614860328123), 'min_child_samples': 72, 'min_split_gain': np.float64(0.2544310517561305), 'num_leaves': 113, 'reg_lambda': np.float64(0.04465867147294384), '__balance_strategy': 'classweights'}",0.8499874054523405,0.0029824857588905086,0.4721685571108312,0.004867710433761964,0.6996541943388744,0.003329230217047483,0.6241710661289701,1,lightgbm,,0.7582206290478931,0.00346721890392628,0.6007033693660269,0.0043382057974228165,0.8376198639114475,0.0038578328316479183,
317,classweights,"{'bagging_fraction': np.float64(0.9449080677680503), 'feature_fraction': np.float64(0.5994907230914669), 'learning_rate': np.float64(0.10506492740498463), 'min_child_samples': 54, 'min_split_gain': np.float64(0.6017476598559538), 'num_leaves': 58, 'reg_lambda': np.float64(5.116552371054766), '__balance_strategy': 'classweights'}",0.8509216626414943,0.0029683400654451774,0.4738393765135833,0.00466209004850753,0.7005026451813229,0.0036726462852772705,0.624067837054942,2,lightgbm,,0.7573323958458346,0.003711502630437816,0.5986371012744922,0.004510139984960964,0.8441970569672548,0.003856146313051461,
274,smote,"{'bagging_fraction': 0.8653653281427414, 'feature_fraction': 0.8926876833234793, 'learning_rate': 0.13128088589611828, 'min_child_samples': 11, 'min_split_gain': 0.4727373998901666, 'num_leaves': 30, 'reg_lambda': 0.05489032453041766, '__balance_strategy': 'smote'}",0.8503418001770219,0.0031139839046085828,0.445626250433606,0.004372749407960108,0.6831523298442383,0.003566366692629785,0.6406331201667438,1,lightgbm,,0.7745672554453381,0.002941026395133612,0.6475515090540304,0.004941220580454924,0.7229673537080296,0.005743762225621143,
296,smote,"{'bagging_fraction': np.float64(0.6808049488078207), 'feature_fraction': np.float64(0.5946746729365866), 'learning_rate': np.float64(0.08221214728166787), 'min_child_samples': 31, 'min_split_gain': np.float64(1.0017456585650675), 'num_leaves': 53, 'reg_lambda': np.float64(27.196828200552794), '__balance_strategy': 'smote'}",0.8503923736938034,0.0028441485983921777,0.44519915777809776,0.0038677280648507766,0.6806090964842332,0.004100626105680717,0.6406247657305534,2,lightgbm,,0.7758806731767173,0.0034579442841011078,0.65331062839873,0.005614644259373296,0.7102905792367258,0.0036622161582257574,
223,smote_classweights,"{'bagging_fraction': 0.8781439114318209, 'feature_fraction': 0.7203684217076677, 'learning_rate': 0.15680062987844542, 'min_child_samples': 36, 'min_split_gain': 0.199397293333138, 'num_leaves': 33, 'reg_lambda': 27.565436506264657, '__balance_strategy': 'smote_classweights'}",0.8503708462673831,0.0028816596045973743,0.4451775684772247,0.0038984072358828874,0.6808020781271388,0.004452054571805772,0.640644808927449,1,lightgbm,,0.7758711997749236,0.003096642450473561,0.6530653492539108,0.004489068647699207,0.7110212984054994,0.005896350240492998,
207,smote_classweights,"{'bagging_fraction': 0.7457221083129896, 'feature_fraction': 0.8080241640507021, 'learning_rate': 0.15901880906106972, 'min_child_samples': 32, 'min_split_gain': 0.17881170532648846, 'num_leaves': 27, 'reg_lambda': 26.41941050230374, '__balance_strategy': 'smote_classweights'}",0.850233625848277,0.0026851798419583873,0.44547317813648335,0.0036091665499894694,0.6804333443691956,0.0033382242897473996,0.6402609604850202,2,lightgbm,,0.774671172513126,0.0025036051952773636,0.6502246694464113,0.003891482654442971,0.7136073762494558,0.004587794965666448,
